Amplitude (dB),Duration (ms),Rise Time (ms),Counts,Energy (a.u.),Peak Frequency (kHz),RMS Voltage (V),Signal Attenuation (dB/m),Class Label
5.455537804115272,5,0.5,5,27.27768902057636,55.0,0.5455537804115271,0.1,0
77.59749265909862,5,0.5,5,387.9874632954931,55.0,7.759749265909862,0.1,0
98.72907284043644,5,0.5,5,493.64536420218224,55.0,9.872907284043645,0.1,0
100.48575545864055,5,0.5,5,502.42877729320276,55.0,10.048575545864056,0.1,0
59.996466417775366,5,0.5,5,299.98233208887683,55.0,5.999646641777536,0.1,0
2.0709226074283746,5,0.5,5,10.354613037141874,55.0,0.20709226074283746,0.39389807297069174,0
45.401802723157694,5,0.5,5,227.00901361578846,55.0,4.540180272315769,0.26415219006958357,0
97.88287073445535,5,0.5,5,489.4143536722768,55.0,9.788287073445535,0.1,0
109.35892686703677,5,0.5,5,546.7946343351839,55.0,10.935892686703678,0.1,0
49.17741380065208,5,0.5,5,245.88706900326042,55.0,4.917741380065208,0.6552049005102388,0
6.226138222269591,5,0.5,5,31.130691111347954,55.0,0.622613822226959,0.1,0
60.97319542560221,5,0.5,5,304.8659771280111,55.0,6.097319542560221,0.1,0
100.26923028432218,5,0.5,5,501.3461514216109,55.0,10.026923028432218,0.3720776521568192,0
90.87966023585068,5,0.5,5,454.3983011792534,55.0,9.087966023585068,0.1,0
57.55024303525849,5,0.5,5,287.7512151762925,55.0,5.755024303525849,0.1,0
3.2056233038528537,5,0.5,5,16.02811651926427,55.0,0.32056233038528537,0.2883062077877053,0
66.31125436031611,5,0.5,5,331.5562718015806,55.0,6.631125436031612,0.24492849677002676,0
83.85355603646505,5,0.5,5,419.2677801823253,55.0,8.385355603646506,0.38739430896039434,0
108.50349062166087,5,0.5,5,542.5174531083044,55.0,10.850349062166087,0.4488690474394582,0
33.21757945392419,5,0.5,5,166.08789726962095,55.0,3.321757945392419,0.1,0
11.29166666407862,5,0.5,5,56.4583333203931,55.0,1.1291666664078621,0.1,0
43.11719702405702,5,0.5,5,215.5859851202851,55.0,4.311719702405702,0.33704345388923573,0
93.68341154654257,5,0.5,5,468.41705773271286,55.0,9.368341154654257,0.1,0
92.48550615187193,5,0.5,5,462.4275307593597,55.0,9.248550615187193,0.1,0
60.22609901719783,5,0.5,5,301.13049508598914,55.0,6.022609901719783,0.1,0
13.041151279255587,5,0.5,5,65.20575639627793,55.0,1.3041151279255587,0.1,0
61.074865766140576,5,0.5,5,305.3743288307029,55.0,6.107486576614058,0.1,0
97.31225764556496,5,0.5,5,486.5612882278248,55.0,9.731225764556495,0.240439879950436,0
101.33347727608626,5,0.5,5,506.66738638043125,55.0,10.133347727608626,0.20116935901028832,0
64.5533547667076,5,0.5,5,322.76677383353797,55.0,6.45533547667076,0.1,0
12.964614287500506,5,0.5,5,64.82307143750253,55.0,1.2964614287500507,0.3562664864834142,0
44.92502712973037,5,0.5,5,224.62513564865185,55.0,4.492502712973037,0.1,0
101.05203272152332,5,0.5,5,505.2601636076166,55.0,10.105203272152332,0.4560319303179033,0
101.71500090383138,5,0.5,5,508.5750045191569,55.0,10.171500090383137,0.1,0
53.07663762789926,5,0.5,5,265.38318813949627,55.0,5.307663762789926,0.1,0
3.881888981252853,5,0.5,5,19.409444906264266,55.0,0.38818889812528534,0.41376865338916774,0
50.74918271588687,5,0.5,5,253.74591357943433,55.0,5.074918271588687,0.4310975696912874,0
103.4901222127349,5,0.5,5,517.4506110636745,55.0,10.34901222127349,0.1,0
99.53531077074105,5,0.5,5,497.67655385370523,55.0,9.953531077074105,0.2892921497919173,0
59.691255970851074,5,0.5,5,298.4562798542554,55.0,5.969125597085108,0.23725886234080418,0
16.687748304735717,5,0.5,5,83.43874152367859,55.0,1.6687748304735717,0.1,0
75.79787766479623,5,0.5,5,378.9893883239812,55.0,7.579787766479623,0.1,0
82.6472458811176,5,0.5,5,413.236229405588,55.0,8.26472458811176,0.41602983938989935,0
103.35637582798594,5,0.5,5,516.7818791399297,55.0,10.335637582798594,0.1,0
62.39753080222885,5,0.5,5,311.98765401114423,55.0,6.239753080222885,0.40088564212606154,0
9.872780408533028,5,0.5,5,49.363902042665146,55.0,0.9872780408533028,0.4556942817757527,0
59.51217520418103,5,0.5,5,297.56087602090514,55.0,5.951217520418103,0.1,0
97.20946140226427,5,0.5,5,486.0473070113213,55.0,9.720946140226427,0.36805104352129187,0
81.6132854994362,5,0.5,5,408.066427497181,55.0,8.16132854994362,0.1,0
46.6892897599913,5,0.5,5,233.4464487999565,55.0,4.66892897599913,0.1,0
28.74060275177539,5,0.5,5,143.70301375887695,55.0,2.874060275177539,0.1,0
73.43613779576981,5,0.5,5,367.18068897884905,55.0,7.343613779576981,0.1,0
98.45921642081889,5,0.5,5,492.29608210409447,55.0,9.845921642081889,0.1687954743240577,0
81.09220376655159,5,0.5,5,405.461018832758,55.0,8.10922037665516,0.1,0
47.33690820887252,5,0.5,5,236.68454104436262,55.0,4.733690820887253,0.36511374795650536,0
21.279369926046815,5,0.5,5,106.39684963023407,55.0,2.1279369926046816,0.5400539892427666,0
66.48295276302927,5,0.5,5,332.4147638151464,55.0,6.648295276302927,0.1,0
87.81609544666806,5,0.5,5,439.0804772333403,55.0,8.781609544666805,0.22928576793084363,0
92.63407405898234,5,0.5,5,463.17037029491166,55.0,9.263407405898233,0.1,0
42.39447306509952,5,0.5,5,211.9723653254976,55.0,4.239447306509952,0.15951818144672697,0
10.923484736971368,5,0.5,5,54.61742368485684,55.0,1.0923484736971367,0.1,0
60.78213264137512,5,0.5,5,303.9106632068756,55.0,6.078213264137512,0.1,0
98.10220985264084,5,0.5,5,490.5110492632042,55.0,9.810220985264085,0.19766247792153926,0
97.07877543696901,5,0.5,5,485.39387718484505,55.0,9.7078775436969,0.20212987025736256,0
53.46752015532918,5,0.5,5,267.3376007766459,55.0,5.3467520155329185,0.1,0
6.668533203262472,5,0.5,5,33.34266601631236,55.0,0.6668533203262472,0.1,0
72.98171077723595,5,0.5,5,364.90855388617973,55.0,7.298171077723595,0.1,0
101.70105416156252,5,0.5,5,508.5052708078126,55.0,10.170105416156252,0.1,0
69.52998516063873,5,0.5,5,347.64992580319364,55.0,6.952998516063873,0.1,0
39.25211759323757,5,0.5,5,196.26058796618787,55.0,3.925211759323757,0.1,0
5.9357294318187686,5,0.5,5,29.678647159093842,55.0,0.5935729431818768,0.1,0
42.09708636227511,5,0.5,5,210.48543181137552,55.0,4.209708636227511,0.31708330455245115,0
98.27468945755572,5,0.5,5,491.3734472877786,55.0,9.827468945755573,0.1,0
100.80245554598932,5,0.5,5,504.0122777299466,55.0,10.080245554598932,0.5164739302910326,0
45.796817703314595,5,0.5,5,228.98408851657297,55.0,4.57968177033146,0.1,0
0.7869526101559915,5,0.5,5,3.9347630507799574,55.0,0.07869526101559915,0.1,0
65.64318974689152,5,0.5,5,328.2159487344576,55.0,6.564318974689153,0.1,0
99.2809866924472,5,0.5,5,496.404933462236,55.0,9.92809866924472,0.1,0
84.05606698826597,5,0.5,5,420.28033494132984,55.0,8.405606698826597,0.295905190878458,0
55.77242626536907,5,0.5,5,278.8621313268454,55.0,5.577242626536907,0.1,0
7.189152829964315,5,0.5,5,35.94576414982158,55.0,0.7189152829964315,0.1,0
73.41174195500282,5,0.5,5,367.0587097750141,55.0,7.341174195500282,0.4743049921777334,0
97.47015264045721,5,0.5,5,487.3507632022861,55.0,9.747015264045721,0.1,0
110.45084223012655,5,0.5,5,552.2542111506327,55.0,11.045084223012655,0.31240820515260576,0
56.847354908043734,5,0.5,5,284.2367745402187,55.0,5.684735490804373,0.1,0
4.394260545878439,5,0.5,5,21.971302729392196,55.0,0.43942605458784395,0.5177543124196615,0
67.6728055657228,5,0.5,5,338.364027828614,55.0,6.767280556572279,0.1,0
89.1664275228583,5,0.5,5,445.83213761429147,55.0,8.91664275228583,0.5250103504287242,0
94.33139664197586,5,0.5,5,471.6569832098793,55.0,9.433139664197586,0.1,0
46.538777479799876,5,0.5,5,232.69388739899938,55.0,4.653877747979988,0.1,0
2.1452277255926218,5,0.5,5,10.72613862796311,55.0,0.21452277255926216,0.1,0
78.03720009572292,5,0.5,5,390.18600047861463,55.0,7.8037200095722925,0.1,0
100.94600255699724,5,0.5,5,504.73001278498623,55.0,10.094600255699724,0.1,0
110.66907785659845,5,0.5,5,553.3453892829923,55.0,11.066907785659845,0.1,0
72.73703647323697,5,0.5,5,363.68518236618485,55.0,7.273703647323697,0.1,0
4.3002748299436035,5,0.5,5,21.501374149718018,55.0,0.43002748299436033,0.42835482920057844,0
67.4208789945269,5,0.5,5,337.1043949726345,55.0,6.74208789945269,0.40069847914500384,0
107.62269602216796,5,0.5,5,538.1134801108398,55.0,10.762269602216795,0.1,0
81.53147674064772,5,0.5,5,407.65738370323857,55.0,8.153147674064773,0.42297363771017843,0
46.16076981557537,5,0.5,5,230.80384907787686,55.0,4.616076981557537,0.1,0
17.938655881404834,5,0.5,5,89.69327940702416,55.0,1.7938655881404835,0.1,0
85.8626524533462,5,0.5,5,429.313262266731,55.0,8.58626524533462,0.24371355586919985,0
90.03602251346796,5,0.5,5,450.1801125673398,55.0,9.003602251346795,0.1,0
81.06737039262138,5,0.5,5,405.33685196310694,55.0,8.10673703926214,0.1,0
45.34700587955044,5,0.5,5,226.73502939775219,55.0,4.534700587955044,0.1,0
4.970636368372189,5,0.5,5,24.853181841860945,55.0,0.4970636368372189,0.1,0
63.473034968946585,5,0.5,5,317.3651748447329,55.0,6.347303496894659,0.27652468131860325,0
107.35144951367053,5,0.5,5,536.7572475683527,55.0,10.735144951367053,0.11695938545234247,0
82.47274077012304,5,0.5,5,412.3637038506152,55.0,8.247274077012303,0.1,0
59.169152144987855,5,0.5,5,295.8457607249393,55.0,5.916915214498785,0.1,0
5.429048982095401,5,0.5,5,27.145244910477007,55.0,0.5429048982095401,0.40922596233815894,0
68.32132720049945,5,0.5,5,341.6066360024973,55.0,6.8321327200499455,0.1,0
92.97066090016587,5,0.5,5,464.8533045008293,55.0,9.297066090016587,0.5371618954109914,0
98.66115354570248,5,0.5,5,493.30576772851236,55.0,9.866115354570248,0.22324830268771503,0
49.464698331214684,5,0.5,5,247.32349165607343,55.0,4.946469833121468,0.1,0
3.2258754333920834,5,0.5,5,16.129377166960417,55.0,0.32258754333920836,0.1,0
72.39919323352802,5,0.5,5,361.9959661676401,55.0,7.239919323352803,0.1,0
99.83349942388041,5,0.5,5,499.16749711940207,55.0,9.983349942388042,0.46617423665310703,0
77.37946356122251,5,0.5,5,386.89731780611254,55.0,7.737946356122251,0.3629961133507922,0
46.95216397230906,5,0.5,5,234.7608198615453,55.0,4.695216397230906,0.1,0
29.992487490476172,5,0.5,5,149.96243745238087,55.0,2.9992487490476174,0.1,0
75.78428920416265,5,0.5,5,378.9214460208132,55.0,7.578428920416265,0.1,0
75.18620913703752,5,0.5,5,375.9310456851876,55.0,7.518620913703752,0.41975591840978854,0
100.97617796588038,5,0.5,5,504.8808898294019,55.0,10.097617796588038,0.4897397919208874,0
54.61044152244185,5,0.5,5,273.05220761220926,55.0,5.4610441522441855,0.17910037134926265,0
6.161210994335467,5,0.5,5,30.806054971677334,55.0,0.6161210994335466,0.1,0
89.93166893515763,5,0.5,5,449.65834467578816,55.0,8.993166893515763,0.2988154191790216,0
105.4426566733217,5,0.5,5,527.2132833666085,55.0,10.54426566733217,0.1,0
94.80117072227618,5,0.5,5,474.0058536113809,55.0,9.480117072227618,0.1,0
53.332801715239796,5,0.5,5,266.66400857619897,55.0,5.333280171523979,0.1,0
33.715243129883824,5,0.5,5,168.5762156494191,55.0,3.3715243129883823,0.1,0
71.147277676786,5,0.5,5,355.73638838393003,55.0,7.1147277676786,0.1,0
98.54191424986686,5,0.5,5,492.7095712493343,55.0,9.854191424986686,0.1,0
94.14432979198446,5,0.5,5,470.7216489599223,55.0,9.414432979198446,0.1,0
50.05123882452131,5,0.5,5,250.25619412260656,55.0,5.005123882452131,0.1,0
50.26577975274004,5,0.5,5,251.32889876370018,55.0,5.026577975274003,0.1,0
78.16877762590661,5,0.5,5,390.84388812953307,55.0,7.816877762590662,0.41377921240297516,0
113.12625570421191,5,0.5,5,565.6312785210596,55.0,11.312625570421192,0.2970695661616422,0
84.32779728890232,5,0.5,5,421.6389864445116,55.0,8.432779728890232,0.2100179772863881,0
46.68202218250761,5,0.5,5,233.41011091253804,55.0,4.6682022182507605,0.1,0
17.690892599233873,5,0.5,5,88.45446299616937,55.0,1.7690892599233874,0.1,0
51.35740880907307,5,0.5,5,256.78704404536535,55.0,5.135740880907307,0.22765682137362891,0
95.98676996328467,5,0.5,5,479.9338498164234,55.0,9.598676996328468,0.5390698669633928,0
99.18527112885171,5,0.5,5,495.92635564425854,55.0,9.91852711288517,0.1,0
57.32073295092104,5,0.5,5,286.60366475460523,55.0,5.732073295092104,0.14244722034765794,0
10.967851957504458,5,0.5,5,54.83925978752229,55.0,1.0967851957504458,0.2778934836592493,0
85.93180378296039,5,0.5,5,429.65901891480195,55.0,8.593180378296038,0.1,0
86.57426905259908,5,0.5,5,432.8713452629954,55.0,8.657426905259907,0.1,0
80.49356707676066,5,0.5,5,402.4678353838033,55.0,8.049356707676065,0.1,0
43.82955519690835,5,0.5,5,219.14777598454177,55.0,4.382955519690835,0.1692399713683899,0
1.4751274562402354,5,0.5,5,7.375637281201177,55.0,0.14751274562402356,0.468863311421127,0
82.54476818863955,5,0.5,5,412.72384094319773,55.0,8.254476818863955,0.3283869114623925,0
93.32568795381597,5,0.5,5,466.6284397690799,55.0,9.332568795381597,0.1,0
90.89139138573643,5,0.5,5,454.45695692868213,55.0,9.089139138573643,0.1,0
42.77133939097839,5,0.5,5,213.85669695489196,55.0,4.277133939097839,0.39193944437805806,0
4.00929119249698,5,0.5,5,20.046455962484902,55.0,0.40092911924969804,0.1,0
74.69126254867919,5,0.5,5,373.456312743396,55.0,7.469126254867919,0.1,0
99.47361749059692,5,0.5,5,497.3680874529846,55.0,9.947361749059692,0.20038229333946103,0
71.33625739487948,5,0.5,5,356.6812869743974,55.0,7.1336257394879485,0.11818584240486048,0
48.09769094582212,5,0.5,5,240.48845472911063,55.0,4.8097690945822125,0.1,0
28.15370621538234,5,0.5,5,140.7685310769117,55.0,2.815370621538234,0.4194398616169377,0
71.87729864458863,5,0.5,5,359.38649322294316,55.0,7.187729864458864,0.44682921832603567,0
89.368255492817,5,0.5,5,446.841277464085,55.0,8.9368255492817,0.1,0
86.82324604861776,5,0.5,5,434.1162302430888,55.0,8.682324604861776,0.4413172965947517,0
47.85894183296093,5,0.5,5,239.29470916480466,55.0,4.785894183296093,0.1,0
7.089822817154435,5,0.5,5,35.44911408577217,55.0,0.7089822817154434,0.46182024610103406,0
59.53945150276518,5,0.5,5,297.6972575138259,55.0,5.953945150276518,0.44379913239786767,0
102.4085697434171,5,0.5,5,512.0428487170855,55.0,10.24085697434171,0.1,0
96.3699124588351,5,0.5,5,481.8495622941755,55.0,9.636991245883511,0.18399559344421784,0
43.554079080786515,5,0.5,5,217.77039540393258,55.0,4.355407908078652,0.1,0
9.427239616651645,5,0.5,5,47.13619808325823,55.0,0.9427239616651646,0.1,0
72.53252037932599,5,0.5,5,362.66260189662995,55.0,7.253252037932599,0.1,0
96.10758775270621,5,0.5,5,480.53793876353103,55.0,9.610758775270622,0.37390620063798774,0
93.4546776670224,5,0.5,5,467.273388335112,55.0,9.345467766702239,0.16641276985036998,0
17.73053767260837,5,0.5,5,88.65268836304185,55.0,1.773053767260837,0.26751611056630736,0
29.193410559910838,5,0.5,5,145.96705279955418,55.0,2.919341055991084,0.1,0
82.37859532255476,5,0.5,5,411.8929766127738,55.0,8.237859532255476,0.16517781235278625,0
87.7123348425508,5,0.5,5,438.56167421275404,55.0,8.771233484255081,0.1,0
96.99715900661694,5,0.5,5,484.9857950330847,55.0,9.699715900661694,0.4330168070071022,0
36.94493812307107,5,0.5,5,184.72469061535534,55.0,3.694493812307107,0.10177279493317201,0
21.18996455199948,5,0.5,5,105.9498227599974,55.0,2.118996455199948,0.1,0
85.96788980884055,5,0.5,5,429.83944904420275,55.0,8.596788980884055,0.3636347142007315,0
105.59734562634748,5,0.5,5,527.9867281317374,55.0,10.559734562634748,0.4512752270369035,0
86.74668900394089,5,0.5,5,433.73344501970445,55.0,8.674668900394089,0.1,0
33.08491100752749,5,0.5,5,165.42455503763745,55.0,3.308491100752749,0.1,0
41.60770063885943,5,0.5,5,208.03850319429714,55.0,4.160770063885943,0.1,0
73.47766619198343,5,0.5,5,367.38833095991714,55.0,7.347766619198343,0.1,0
94.38559925078877,5,0.5,5,471.9279962539439,55.0,9.438559925078877,0.19186614319136444,0
100.95507397024699,5,0.5,5,504.7753698512349,55.0,10.095507397024699,0.1,0
50.38705820315683,5,0.5,5,251.93529101578417,55.0,5.038705820315683,0.4904582818901322,0
26.219687269103996,5,0.5,5,131.09843634551999,55.0,2.6219687269103997,0.5292390843600533,0
79.74798747237763,5,0.5,5,398.73993736188817,55.0,7.974798747237763,0.4871857491814855,0
89.83154299013682,5,0.5,5,449.1577149506841,55.0,8.983154299013682,0.5202523801189403,0
79.13451957125504,5,0.5,5,395.6725978562752,55.0,7.913451957125504,0.4893732232870322,0
19.1022568005141,5,0.5,5,95.51128400257049,55.0,1.91022568005141,0.3072810062641929,0
10.534921178858788,5,0.5,5,52.67460589429394,55.0,1.0534921178858787,0.1,0
89.76033602482222,5,0.5,5,448.8016801241111,55.0,8.976033602482222,0.1,0
94.35898775017714,5,0.5,5,471.79493875088565,55.0,9.435898775017714,0.1,0
84.89017836047456,5,0.5,5,424.45089180237284,55.0,8.489017836047456,0.18834022310816786,0
23.98675254324477,5,0.5,5,119.93376271622384,55.0,2.398675254324477,0.1,0
16.995228499975727,5,0.5,5,84.97614249987863,55.0,1.6995228499975727,0.1,0
77.77609782108102,5,0.5,5,388.8804891054051,55.0,7.777609782108103,0.4857837195570903,0
82.83692313173525,5,0.5,5,414.18461565867625,55.0,8.283692313173525,0.39562389671117065,0
64.81735681436459,5,0.5,5,324.08678407182293,55.0,6.481735681436459,0.1,0
42.260106224261136,5,0.5,5,211.30053112130568,55.0,4.226010622426114,0.1,0
43.377249371616365,5,0.5,5,216.88624685808182,55.0,4.337724937161637,0.1,0
79.8446663211598,5,0.5,5,399.22333160579905,55.0,7.98446663211598,0.5216712700008698,0
89.74389172563546,5,0.5,5,448.71945862817734,55.0,8.974389172563546,0.2656339059497195,0
76.39449289551862,5,0.5,5,381.9724644775931,55.0,7.639449289551862,0.1,0
42.35526822790465,5,0.5,5,211.77634113952325,55.0,4.235526822790465,0.14698801105307735,0
10.250169364979255,5,0.5,5,51.25084682489628,55.0,1.0250169364979256,0.34414717023318053,0
83.05328553323311,5,0.5,5,415.26642766616555,55.0,8.30532855332331,0.1,0
113.31111002182679,5,0.5,5,566.555550109134,55.0,11.331111002182679,0.22741783592494927,0
76.89435295774518,5,0.5,5,384.4717647887259,55.0,7.689435295774518,0.4281100078130739,0
27.087512324733048,5,0.5,5,135.43756162366523,55.0,2.708751232473305,0.4456220259409042,0
31.991394193423105,5,0.5,5,159.95697096711552,55.0,3.1991394193423104,0.1,0
72.63500573917806,5,0.5,5,363.17502869589026,55.0,7.263500573917805,0.1,0
87.63110286721727,5,0.5,5,438.1555143360863,55.0,8.763110286721727,0.3621794726715184,0
95.56488382048171,5,0.5,5,477.82441910240857,55.0,9.55648838204817,0.1,0
49.51329449699679,5,0.5,5,247.56647248498396,55.0,4.95132944969968,0.4593282435228561,0
50.748451640910794,5,0.5,5,253.74225820455396,55.0,5.074845164091079,0.37276683510589725,0
76.96751532208722,5,0.5,5,384.83757661043614,55.0,7.696751532208722,0.1,0
102.46898327729966,5,0.5,5,512.3449163864983,55.0,10.246898327729966,0.1,0
75.89829272742699,5,0.5,5,379.491463637135,55.0,7.5898292727426995,0.3741969958854435,0
38.83856631993758,5,0.5,5,194.19283159968788,55.0,3.8838566319937575,0.40706110739963425,0
18.352909528269873,5,0.5,5,91.76454764134937,55.0,1.8352909528269872,0.5202443063239605,0
76.12931081772089,5,0.5,5,380.6465540886045,55.0,7.612931081772089,0.1,0
82.55128964775436,5,0.5,5,412.7564482387718,55.0,8.255128964775436,0.2748430473718267,0
85.73054984556943,5,0.5,5,428.65274922784715,55.0,8.573054984556943,0.1,0
35.97488955054967,5,0.5,5,179.87444775274835,55.0,3.597488955054967,0.2680479105784666,0
30.87150365722901,5,0.5,5,154.35751828614505,55.0,3.087150365722901,0.1,0
84.160281978962,5,0.5,5,420.80140989481004,55.0,8.4160281978962,0.21451588877789907,0
102.25519605909422,5,0.5,5,511.2759802954711,55.0,10.225519605909422,0.3979082929897005,0
69.26118792588247,5,0.5,5,346.30593962941236,55.0,6.926118792588246,0.1,0
35.8770163497939,5,0.5,5,179.3850817489695,55.0,3.58770163497939,0.13739086421017288,0
32.901965939674874,5,0.5,5,164.50982969837438,55.0,3.2901965939674875,0.4408902792360054,0
85.70067711666134,5,0.5,5,428.5033855833067,55.0,8.570067711666134,0.1,0
99.66279320621128,5,0.5,5,498.3139660310564,55.0,9.966279320621128,0.1,0
91.35954493536507,5,0.5,5,456.79772467682534,55.0,9.135954493536506,0.1,0
43.51027961918225,5,0.5,5,217.55139809591125,55.0,4.351027961918225,0.3275481906241571,0
3.607174624211379,5,0.5,5,18.035873121056895,55.0,0.3607174624211379,0.1,0
97.74035510308367,5,0.5,5,488.7017755154184,55.0,9.774035510308368,0.1,0
105.55285408346306,5,0.5,5,527.7642704173153,55.0,10.555285408346306,0.1,0
80.21241664265354,5,0.5,5,401.06208321326767,55.0,8.021241664265354,0.1,0
24.887361132742825,5,0.5,5,124.43680566371413,55.0,2.4887361132742827,0.4528380519160588,0
59.122641515973086,5,0.5,5,295.61320757986545,55.0,5.9122641515973084,0.1,0
87.9271638663307,5,0.5,5,439.6358193316535,55.0,8.79271638663307,0.1,0
92.84084116868983,5,0.5,5,464.2042058434492,55.0,9.284084116868984,0.1,0
71.59082897848764,5,0.5,5,357.9541448924382,55.0,7.159082897848764,0.1,0
24.538649769370874,5,0.5,5,122.69324884685437,55.0,2.4538649769370875,0.1,0
32.54548926292606,5,0.5,5,162.7274463146303,55.0,3.254548926292606,0.1,0
94.0513134737369,5,0.5,5,470.2565673686845,55.0,9.40513134737369,0.1,0
96.7141323194452,5,0.5,5,483.570661597226,55.0,9.67141323194452,0.1,0
91.49376426546102,5,0.5,5,457.46882132730514,55.0,9.149376426546102,0.4039784620767036,0
26.51649425831202,5,0.5,5,132.5824712915601,55.0,2.651649425831202,0.1,0
40.371006590384425,5,0.5,5,201.8550329519221,55.0,4.037100659038442,0.21813468099102845,0
91.43718765994026,5,0.5,5,457.1859382997013,55.0,9.143718765994027,0.1,0
110.64050510416259,5,0.5,5,553.202525520813,55.0,11.064050510416259,0.18211900203117362,0
73.67730152995978,5,0.5,5,368.3865076497989,55.0,7.3677301529959776,0.1,0
37.18931993522319,5,0.5,5,185.94659967611594,55.0,3.718931993522319,0.4309424597472754,0
21.82607793009798,5,0.5,5,109.1303896504899,55.0,2.1826077930097982,0.1,0
88.88167025868663,5,0.5,5,444.40835129343316,55.0,8.888167025868663,0.5468906954772291,0
103.26731765846608,5,0.5,5,516.3365882923304,55.0,10.326731765846608,0.1,0
89.51682680437449,5,0.5,5,447.58413402187244,55.0,8.951682680437449,0.1,0
34.28622520436829,5,0.5,5,171.43112602184146,55.0,3.4286225204368295,0.1,0
40.28298048980891,5,0.5,5,201.41490244904452,55.0,4.028298048980891,0.1,0
81.34431403074763,5,0.5,5,406.7215701537381,55.0,8.134431403074762,0.532915973359406,0
98.72439353077134,5,0.5,5,493.6219676538567,55.0,9.872439353077134,0.1331711507867528,0
88.70225210864267,5,0.5,5,443.5112605432133,55.0,8.870225210864266,0.1,0
39.603689885394594,5,0.5,5,198.01844942697298,55.0,3.9603689885394595,0.1,0
26.538848729019048,5,0.5,5,132.69424364509524,55.0,2.6538848729019047,0.1,0
102.82892751287783,5,0.5,5,514.1446375643891,55.0,10.282892751287783,0.19374559609273312,0
95.83242947568321,5,0.5,5,479.1621473784161,55.0,9.583242947568321,0.1,0
91.45594044731895,5,0.5,5,457.27970223659474,55.0,9.145594044731896,0.15888606420297915,0
23.266913180489663,5,0.5,5,116.33456590244832,55.0,2.326691318048966,0.1,0
25.050555030010685,5,0.5,5,125.25277515005342,55.0,2.5050555030010684,0.1,0
73.79268457802344,5,0.5,5,368.9634228901172,55.0,7.379268457802344,0.1,0
90.41415024087621,5,0.5,5,452.07075120438105,55.0,9.041415024087621,0.1,0
74.8624697808979,5,0.5,5,374.31234890448945,55.0,7.48624697808979,0.4011119516601828,0
13.574822633777343,5,0.5,5,67.87411316888671,55.0,1.3574822633777344,0.4533747707854709,0
38.31401609727506,5,0.5,5,191.57008048637528,55.0,3.831401609727506,0.1,0
100.3041130000794,5,0.5,5,501.52056500039697,55.0,10.03041130000794,0.1,0
83.71708089948217,5,0.5,5,418.5854044974109,55.0,8.371708089948218,0.1,0
81.83395532391904,5,0.5,5,409.1697766195952,55.0,8.183395532391904,0.11498042842468034,0
29.575610490095077,5,0.5,5,147.8780524504754,55.0,2.9575610490095077,0.24213422675269208,0
44.48583936685665,5,0.5,5,222.42919683428326,55.0,4.448583936685665,0.1,0
77.72089152676259,5,0.5,5,388.6044576338129,55.0,7.7720891526762585,0.39066591131760414,0
114.78936894899141,5,0.5,5,573.946844744957,55.0,11.47893689489914,0.31719500799830014,0
84.50018017428278,5,0.5,5,422.5009008714139,55.0,8.450018017428278,0.1,0
46.126078858041616,5,0.5,5,230.63039429020807,55.0,4.612607885804161,0.1,0
51.29567851804173,5,0.5,5,256.47839259020867,55.0,5.129567851804174,0.1,0
81.54584651701103,5,0.5,5,407.7292325850551,55.0,8.154584651701104,0.1,0
121.52568655352792,5,0.5,5,607.6284327676397,55.0,12.152568655352791,0.1,0
85.59199024201291,5,0.5,5,427.95995121006456,55.0,8.559199024201291,0.47081310740307314,0
30.00797311443215,5,0.5,5,150.03986557216075,55.0,3.000797311443215,0.31273587007542064,0
42.159047328413926,5,0.5,5,210.79523664206963,55.0,4.215904732841393,0.1,0
94.66612554063566,5,0.5,5,473.3306277031783,55.0,9.466612554063566,0.1,0
94.59147648513945,5,0.5,5,472.95738242569723,55.0,9.459147648513945,0.1,0
77.87871081040957,5,0.5,5,389.3935540520479,55.0,7.787871081040957,0.1,0
38.31047258257886,5,0.5,5,191.5523629128943,55.0,3.831047258257886,0.1,0
21.71410457440671,5,0.5,5,108.57052287203356,55.0,2.171410457440671,0.37761049182975076,0
74.95353410750275,5,0.5,5,374.7676705375137,55.0,7.495353410750274,0.25426177532910543,0
117.99125391532512,5,0.5,5,589.9562695766256,55.0,11.799125391532511,0.1,0
98.89437113125243,5,0.5,5,494.47185565626216,55.0,9.889437113125243,0.1,0
26.357451690084165,5,0.5,5,131.78725845042084,55.0,2.6357451690084166,0.35161655186648694,0
35.977717223803026,5,0.5,5,179.88858611901514,55.0,3.5977717223803025,0.14224119022822143,0
88.23837042522923,5,0.5,5,441.19185212614616,55.0,8.823837042522923,0.2533521687464459,0
109.08286957415272,5,0.5,5,545.4143478707637,55.0,10.908286957415273,0.1,0
62.60478003422636,5,0.5,5,313.0239001711318,55.0,6.2604780034226355,0.1,0
4.960623596417069,5,0.5,5,24.803117982085343,55.0,0.49606235964170686,0.1,0
29.11592570147604,5,0.5,5,145.5796285073802,55.0,2.911592570147604,0.12142943089754965,0
84.37801406125456,5,0.5,5,421.89007030627283,55.0,8.437801406125455,0.39345286045045647,0
95.19183422898593,5,0.5,5,475.95917114492966,55.0,9.519183422898593,0.3749176280004016,0
71.74613200020943,5,0.5,5,358.7306600010471,55.0,7.174613200020943,0.1,0
34.94335816206048,5,0.5,5,174.71679081030237,55.0,3.4943358162060476,0.15875722491235594,0
51.75119520706827,5,0.5,5,258.75597603534135,55.0,5.1751195207068275,0.4519516326902722,0
80.86955477637264,5,0.5,5,404.3477738818632,55.0,8.086955477637265,0.4715773391165377,0
92.35664590818347,5,0.5,5,461.7832295409173,55.0,9.235664590818347,0.24183544449395722,0
76.95897627649573,5,0.5,5,384.79488138247865,55.0,7.695897627649574,0.10433546181492652,0
13.540570426332147,5,0.5,5,67.70285213166073,55.0,1.3540570426332148,0.193296641313328,0
40.688030124934386,5,0.5,5,203.44015062467193,55.0,4.068803012493438,0.2542213340814811,0
98.03001444416728,5,0.5,5,490.15007222083636,55.0,9.803001444416727,0.38349996079493087,0
84.36155431737275,5,0.5,5,421.80777158686374,55.0,8.436155431737275,0.2827650954489011,0
71.63565966806772,5,0.5,5,358.1782983403386,55.0,7.163565966806772,0.39229767973710267,0
21.139199670535287,5,0.5,5,105.69599835267644,55.0,2.113919967053529,0.34076922231149537,0
66.51196331646322,5,0.5,5,332.5598165823161,55.0,6.6511963316463225,0.1,0
97.03930296123946,5,0.5,5,485.1965148061973,55.0,9.703930296123946,0.1,0
107.66023313249178,5,0.5,5,538.301165662459,55.0,10.766023313249178,0.26416564103690804,0
65.22432242525929,5,0.5,5,326.12161212629644,55.0,6.5224322425259285,0.4631028182712742,0
28.3109806131004,5,0.5,5,141.554903065502,55.0,2.83109806131004,0.4016446508147928,0
32.18590021195082,5,0.5,5,160.9295010597541,55.0,3.2185900211950824,0.1,0
94.67227794507356,5,0.5,5,473.3613897253678,55.0,9.467227794507355,0.1,0
83.28182254326137,5,0.5,5,416.4091127163068,55.0,8.328182254326137,0.1,0
53.57395068178805,5,0.5,5,267.86975340894026,55.0,5.357395068178805,0.1,0
17.01099821623006,5,0.5,5,85.0549910811503,55.0,1.701099821623006,0.1,0
55.4189583776622,5,0.5,5,277.094791888311,55.0,5.54189583776622,0.1,0
100.90842912800422,5,0.5,5,504.5421456400211,55.0,10.090842912800422,0.1,0
93.65933719598692,5,0.5,5,468.29668597993464,55.0,9.365933719598692,0.1,0
65.10371749424925,5,0.5,5,325.5185874712463,55.0,6.510371749424925,0.1,0
12.12183554278591,5,0.5,5,60.60917771392955,55.0,1.212183554278591,0.1,0
52.60323511138887,5,0.5,5,263.01617555694435,55.0,5.260323511138887,0.1,0
99.5337544998125,5,0.5,5,497.6687724990625,55.0,9.95337544998125,0.4685856423445983,0
78.03657950146845,5,0.5,5,390.18289750734226,55.0,7.803657950146845,0.45726769769188075,0
77.94171228800154,5,0.5,5,389.7085614400077,55.0,7.794171228800154,0.1,0
14.09715904118677,5,0.5,5,70.48579520593385,55.0,1.409715904118677,0.3723278244062241,0
49.56164324451373,5,0.5,5,247.80821622256866,55.0,4.956164324451374,0.1,0
81.82558685309958,5,0.5,5,409.1279342654979,55.0,8.182558685309958,0.1,0
116.55030605260761,5,0.5,5,582.751530263038,55.0,11.65503060526076,0.1,0
90.51990474073939,5,0.5,5,452.59952370369695,55.0,9.05199047407394,0.4268899624933192,0
12.439508248044028,5,0.5,5,62.19754124022014,55.0,1.2439508248044029,0.35394629387374366,0
47.535525031369545,5,0.5,5,237.67762515684774,55.0,4.753552503136954,0.32027460399435054,0
89.10091618547465,5,0.5,5,445.50458092737324,55.0,8.910091618547465,0.1,0
90.36915303528947,5,0.5,5,451.84576517644734,55.0,9.036915303528946,0.1,0
80.01544719430225,5,0.5,5,400.0772359715113,55.0,8.001544719430225,0.5058582378688248,0
24.959515073520215,5,0.5,5,124.79757536760107,55.0,2.4959515073520215,0.26012520839798475,0
42.37319296942116,5,0.5,5,211.8659648471058,55.0,4.2373192969421165,0.1,0
99.80717902322,5,0.5,5,499.0358951161,55.0,9.980717902322,0.10109414571106624,0
103.33777566748527,5,0.5,5,516.6888783374263,55.0,10.333777566748527,0.1,0
63.76426952273668,5,0.5,5,318.82134761368343,55.0,6.376426952273668,0.4562565951558801,0
4.265104726204527,5,0.5,5,21.325523631022634,55.0,0.42651047262045266,0.1,0
40.52773200540275,5,0.5,5,202.63866002701374,55.0,4.052773200540274,0.1,0
85.83412854236666,5,0.5,5,429.1706427118333,55.0,8.583412854236666,0.33402377925529386,0
97.3814788460487,5,0.5,5,486.9073942302435,55.0,9.738147884604869,0.40424593356114313,0
74.45413234352355,5,0.5,5,372.27066171761777,55.0,7.445413234352356,0.1,0
11.10617964588411,5,0.5,5,55.53089822942055,55.0,1.1106179645884109,0.19535509517643204,0
73.30007272134223,5,0.5,5,366.5003636067112,55.0,7.330007272134223,0.3871734935419051,0
76.69655667235511,5,0.5,5,383.48278336177555,55.0,7.669655667235512,0.1,0
80.96063420453346,5,0.5,5,404.8031710226673,55.0,8.096063420453346,0.1,0
77.38895465108033,5,0.5,5,386.9447732554016,55.0,7.738895465108032,0.1,0
26.96255150013479,5,0.5,5,134.81275750067394,55.0,2.696255150013479,0.3365237454939812,0
43.55058281573129,5,0.5,5,217.75291407865643,55.0,4.355058281573129,0.1,0
87.0390835494202,5,0.5,5,435.195417747101,55.0,8.703908354942019,0.1,0
108.76794283224123,5,0.5,5,543.8397141612062,55.0,10.876794283224124,0.1,0
71.3682795661553,5,0.5,5,356.8413978307765,55.0,7.136827956615529,0.1,0
7.74830875173029,5,0.5,5,38.74154375865145,55.0,0.7748308751730291,0.1,0
58.667267896821905,5,0.5,5,293.33633948410954,55.0,5.866726789682191,0.4154667434263439,0
80.5441319761891,5,0.5,5,402.7206598809455,55.0,8.05441319761891,0.1,0
92.71896142424882,5,0.5,5,463.5948071212441,55.0,9.271896142424882,0.1,0
59.7704083194004,5,0.5,5,298.852041597002,55.0,5.97704083194004,0.14651785109169843,0
24.73430252061146,5,0.5,5,123.67151260305731,55.0,2.473430252061146,0.5437085566261561,0
64.42732493635457,5,0.5,5,322.13662468177284,55.0,6.442732493635456,0.1,0
72.0463445812672,5,0.5,5,360.231722906336,55.0,7.204634458126721,0.1,0
105.70748812748774,5,0.5,5,528.5374406374386,55.0,10.570748812748773,0.44160957159314307,0
50.83151190801474,5,0.5,5,254.1575595400737,55.0,5.083151190801474,0.1,0
6.52642252589987,5,0.5,5,32.632112629499346,55.0,0.652642252589987,0.48244437675998925,0
30.990684196719286,5,0.5,5,154.95342098359643,55.0,3.0990684196719287,0.1,0
81.44891611443144,5,0.5,5,407.2445805721572,55.0,8.144891611443144,0.1,0
103.96717751479059,5,0.5,5,519.835887573953,55.0,10.39671775147906,0.552793979435202,0
74.66427080061217,5,0.5,5,373.32135400306083,55.0,7.466427080061218,0.5400796783814886,0
12.800244617233583,5,0.5,5,64.00122308616791,55.0,1.2800244617233583,0.1,0
52.298433863658865,5,0.5,5,261.4921693182943,55.0,5.229843386365887,0.451893702861485,0
102.55406360397305,5,0.5,5,512.7703180198653,55.0,10.255406360397306,0.1,0
93.83222435062835,5,0.5,5,469.16112175314174,55.0,9.383222435062835,0.1,0
52.9038567362224,5,0.5,5,264.51928368111203,55.0,5.29038567362224,0.47724739345144673,0
14.752334136382053,5,0.5,5,73.76167068191026,55.0,1.4752334136382053,0.20894589511400938,0
52.28557363833887,5,0.5,5,261.42786819169436,55.0,5.228557363833887,0.1,0
103.31674912491748,5,0.5,5,516.5837456245874,55.0,10.331674912491748,0.1,0
95.30356624697424,5,0.5,5,476.5178312348712,55.0,9.530356624697424,0.1,0
70.69591611971359,5,0.5,5,353.47958059856796,55.0,7.069591611971359,0.1,0
9.493185425166304,5,0.5,5,47.46592712583152,55.0,0.9493185425166304,0.48508215766136653,0
39.31917345265167,5,0.5,5,196.59586726325836,55.0,3.931917345265167,0.1,0
95.44608007648982,5,0.5,5,477.2304003824491,55.0,9.544608007648982,0.47215348645563354,0
84.99106893336325,5,0.5,5,424.95534466681625,55.0,8.499106893336325,0.1,0
59.827818209641514,5,0.5,5,299.13909104820755,55.0,5.982781820964151,0.1,0
9.504327033404223,5,0.5,5,47.52163516702112,55.0,0.9504327033404223,0.4824865675817204,0
31.395868486939932,5,0.5,5,156.97934243469967,55.0,3.1395868486939933,0.10861310227850535,0
82.99569353413423,5,0.5,5,414.9784676706712,55.0,8.299569353413423,0.1,0
87.2680305417018,5,0.5,5,436.34015270850904,55.0,8.72680305417018,0.1,0
53.47201583998593,5,0.5,5,267.36007919992966,55.0,5.347201583998593,0.1,0
24.720163162466473,5,0.5,5,123.60081581233237,55.0,2.4720163162466475,0.1,0
49.77844566737769,5,0.5,5,248.89222833688845,55.0,4.977844566737769,0.36534365691291537,0
105.30932814525772,5,0.5,5,526.5466407262886,55.0,10.530932814525773,0.3633347599186716,0
108.0403268339746,5,0.5,5,540.201634169873,55.0,10.80403268339746,0.1,0
77.1380841381488,5,0.5,5,385.69042069074396,55.0,7.7138084138148795,0.1,0
28.424795009608378,5,0.5,5,142.1239750480419,55.0,2.8424795009608377,0.1,0
54.10223108932479,5,0.5,5,270.51115544662395,55.0,5.410223108932479,0.452643123756476,0
96.34992973571251,5,0.5,5,481.74964867856255,55.0,9.63499297357125,0.1,0
94.5864568762988,5,0.5,5,472.932284381494,55.0,9.458645687629879,0.1,0
68.53706705291957,5,0.5,5,342.6853352645978,55.0,6.853706705291957,0.1,0
6.871207518020335,5,0.5,5,34.35603759010168,55.0,0.6871207518020335,0.1,0
66.08115618687667,5,0.5,5,330.40578093438336,55.0,6.608115618687667,0.4594577245771893,0
86.83575152295364,5,0.5,5,434.1787576147682,55.0,8.683575152295365,0.1237432880957544,0
94.60358426924041,5,0.5,5,473.01792134620206,55.0,9.460358426924042,0.1,0
67.982845432228,5,0.5,5,339.91422716114005,55.0,6.798284543222801,0.1,0
7.146450411575035,5,0.5,5,35.73225205787517,55.0,0.7146450411575035,0.1,0
70.1362943576705,5,0.5,5,350.6814717883525,55.0,7.013629435767049,0.508145309034491,0
97.66900302871889,5,0.5,5,488.3450151435944,55.0,9.766900302871889,0.1,0
90.63903282069421,5,0.5,5,453.19516410347103,55.0,9.063903282069422,0.1,0
51.391308428013716,5,0.5,5,256.95654214006856,55.0,5.139130842801372,0.1,0
20.348865211654754,5,0.5,5,101.74432605827377,55.0,2.0348865211654754,0.1,0
39.9439585051623,5,0.5,5,199.7197925258115,55.0,3.99439585051623,0.45749613885059226,0
92.41693114935833,5,0.5,5,462.08465574679167,55.0,9.241693114935833,0.5839007544883783,0
76.6153408603618,5,0.5,5,383.076704301809,55.0,7.66153408603618,0.1,0
60.84150767149963,5,0.5,5,304.20753835749815,55.0,6.084150767149962,0.43372641968260306,0
9.185045103731104,5,0.5,5,45.92522551865552,55.0,0.9185045103731104,0.1,0
38.384673172269146,5,0.5,5,191.92336586134573,55.0,3.8384673172269146,0.3970027426843827,0
100.05112006992107,5,0.5,5,500.25560034960534,55.0,10.005112006992107,0.1,0
80.69761643755254,5,0.5,5,403.4880821877627,55.0,8.069761643755253,0.1,0
53.677842004335474,5,0.5,5,268.3892100216774,55.0,5.367784200433547,0.1,0
14.010920379558039,5,0.5,5,70.05460189779019,55.0,1.4010920379558038,0.5067629280092143,0
41.892129384234195,5,0.5,5,209.46064692117096,55.0,4.189212938423419,0.22265767235571107,0
90.66190568249975,5,0.5,5,453.30952841249876,55.0,9.066190568249976,0.1,0
96.03030513641512,5,0.5,5,480.1515256820756,55.0,9.603030513641512,0.1,0
67.7938018419494,5,0.5,5,338.969009209747,55.0,6.77938018419494,0.1,0
0.8456127495303695,5,0.5,5,4.228063747651848,55.0,0.08456127495303695,0.3073775340454472,0
45.682131245590035,5,0.5,5,228.41065622795017,55.0,4.568213124559003,0.1,0
90.179967020312,5,0.5,5,450.89983510156003,55.0,9.017996702031201,0.45120768101964587,0
100.32768822373939,5,0.5,5,501.63844111869696,55.0,10.032768822373939,0.44538694395282763,0
70.96946590033323,5,0.5,5,354.8473295016662,55.0,7.0969465900333235,0.1,0
8.140468441281167,5,0.5,5,40.70234220640583,55.0,0.8140468441281167,0.4020827173306379,0
45.509315156729826,5,0.5,5,227.54657578364913,55.0,4.550931515672983,0.1,0
93.64983931398783,5,0.5,5,468.24919656993916,55.0,9.364983931398783,0.1,0
97.62124705167898,5,0.5,5,488.1062352583949,55.0,9.762124705167897,0.11212908311287409,0
65.98032836021109,5,0.5,5,329.90164180105546,55.0,6.598032836021109,0.1,0
23.325591792685717,5,0.5,5,116.62795896342858,55.0,2.332559179268572,0.1,0
55.5328949357516,5,0.5,5,277.664474678758,55.0,5.55328949357516,0.49741173736692185,0
83.24798968362342,5,0.5,5,416.2399484181171,55.0,8.324798968362341,0.1,0
94.31027425599729,5,0.5,5,471.5513712799864,55.0,9.431027425599728,0.1,0
65.25738321493354,5,0.5,5,326.2869160746677,55.0,6.525738321493354,0.311122737409684,0
6.226085012018595,5,0.5,5,31.130425060092975,55.0,0.6226085012018595,0.1,0
54.14815506817617,5,0.5,5,270.7407753408809,55.0,5.414815506817617,0.1,0
96.31646355913205,5,0.5,5,481.58231779566023,55.0,9.631646355913205,0.1,0
86.84839945330552,5,0.5,5,434.2419972665276,55.0,8.684839945330552,0.1,0
47.73072887841224,5,0.5,5,238.6536443920612,55.0,4.7730728878412245,0.38705804197694205,0
10.948591313245016,5,0.5,5,54.74295656622508,55.0,1.0948591313245015,0.1,0
46.28098268546833,5,0.5,5,231.40491342734165,55.0,4.628098268546833,0.2231426455788144,0
86.28353950702167,5,0.5,5,431.41769753510835,55.0,8.628353950702166,0.1,0
94.72352317499792,5,0.5,5,473.6176158749896,55.0,9.472352317499793,0.1,0
54.21860625562604,5,0.5,5,271.0930312781302,55.0,5.421860625562604,0.1,0
3.357722439693265,5,0.5,5,16.788612198466325,55.0,0.3357722439693265,0.1,0
63.66212604154556,5,0.5,5,318.3106302077278,55.0,6.366212604154557,0.44549550585298264,0
85.36188543692973,5,0.5,5,426.8094271846486,55.0,8.536188543692973,0.1,0
85.13154569279241,5,0.5,5,425.6577284639621,55.0,8.51315456927924,0.1,0
57.50942673229932,5,0.5,5,287.54713366149656,55.0,5.750942673229932,0.1,0
2.973527476434828,5,0.5,5,14.86763738217414,55.0,0.2973527476434828,0.1,0
58.72644399909874,5,0.5,5,293.6322199954937,55.0,5.872644399909874,0.1,0
112.93786862428661,5,0.5,5,564.689343121433,55.0,11.29378686242866,0.1,0
78.70814872010124,5,0.5,5,393.5407436005062,55.0,7.870814872010124,0.1,0
63.63741225993857,5,0.5,5,318.18706129969286,55.0,6.3637412259938575,0.1,0
0.7910004062430688,5,0.5,5,3.955002031215344,55.0,0.07910004062430688,0.1,0
69.27189107968226,5,0.5,5,346.35945539841134,55.0,6.927189107968227,0.1848633006327053,0
70.9311816522706,5,0.5,5,354.655908261353,55.0,7.093118165227059,0.5529233734546742,0
90.62834514839753,5,0.5,5,453.14172574198767,55.0,9.062834514839754,0.1,0
56.52519905381087,5,0.5,5,282.6259952690544,55.0,5.652519905381087,0.1,0
1.4744796892521772,5,0.5,5,7.3723984462608865,55.0,0.14744796892521772,0.1,0
59.078183113856596,5,0.5,5,295.390915569283,55.0,5.907818311385659,0.1,0
80.11575445434323,5,0.5,5,400.57877227171616,55.0,8.011575445434323,0.20869472710247766,0
88.82710911157388,5,0.5,5,444.13554555786936,55.0,8.882710911157387,0.20271363921729868,0
50.31304461046682,5,0.5,5,251.5652230523341,55.0,5.031304461046682,0.1,0
0.7879193817385453,5,0.5,5,3.9395969086927263,55.0,0.07879193817385452,0.20441631743358224,0
43.864229881469996,5,0.5,5,219.32114940735,55.0,4.386422988146999,0.1,0
73.99258106036812,5,0.5,5,369.96290530184064,55.0,7.399258106036813,0.1,0
80.0802468898627,5,0.5,5,400.4012344493135,55.0,8.008024688986271,0.2322959517238729,0
62.985705870416695,5,0.5,5,314.9285293520835,55.0,6.298570587041669,0.1,0
0.947270654003738,5,0.5,5,4.73635327001869,55.0,0.0947270654003738,0.20241890120740977,0
60.47194665751123,5,0.5,5,302.35973328755614,55.0,6.047194665751123,0.1,0
98.67401230958932,5,0.5,5,493.3700615479466,55.0,9.867401230958931,0.447217819897376,0
75.06595429996328,5,0.5,5,375.3297714998164,55.0,7.506595429996328,0.1,0
67.1093823257064,5,0.5,5,335.54691162853203,55.0,6.710938232570641,0.27908863088385677,0
9.278194561160786,5,0.5,5,46.39097280580393,55.0,0.9278194561160786,0.1,0
52.922524471051894,5,0.5,5,264.6126223552595,55.0,5.29225244710519,0.1,1
46.98965230851921,5,0.5,5,234.94826154259607,55.00310082431495,4.698965230851921,0.4676779901464285,1
74.6403100975659,5,0.5,5,373.20155048782954,55.006370180121955,7.4640310097565905,0.2597112216015708,1
145.44341382859236,5,0.5,5,727.2170691429618,55.008301190547805,14.544341382859235,0.25604170078802296,1
39.92030071937608,5,0.5,5,199.6015035968804,55.01127109645196,3.992030071937608,0.1,1
14.44009258703988,5,0.5,5,72.2004629351994,55.01408453584042,1.4440092587039879,0.1,1
11.18928644586994,5,0.5,5,55.946432229349696,55.01710531434226,1.118928644586994,0.4604845749945152,1
69.96095804901094,5,0.5,5,349.80479024505473,55.02054612737158,6.996095804901094,0.4599727252959374,1
11.654250611654637,5,0.5,5,58.27125305827319,55.02399252144872,1.1654250611654637,0.1,1
5.0942898602654,5,0.5,5,25.471449301327,55.02745267497775,0.50942898602654,0.1,1
43.099007318297055,5,0.5,5,215.49503659148527,55.031072422846535,4.309900731829705,0.1,1
109.39094001675717,5,0.5,5,546.9547000837858,55.034764594520546,10.939094001675716,0.1,1
171.82686247257388,5,0.5,5,859.1343123628694,55.038462026650194,17.182686247257386,0.4228993921925968,1
171.2277590549634,5,0.5,5,856.138795274817,55.04211756307081,17.12277590549634,0.1,1
106.74811638555026,5,0.5,5,533.7405819277514,55.04570405480268,10.674811638555026,0.1,1
46.48752898020503,5,0.5,5,232.43764490102512,55.04921436005098,4.648752898020502,0.5312049526254771,1
75.52942397338444,5,0.5,5,377.6471198669222,55.05266134420584,7.552942397338444,0.1,1
137.61438808499383,5,0.5,5,688.0719404249692,55.056077879842306,13.761438808499383,0.49180401142585634,1
111.9917702923557,5,0.5,5,559.9588514617785,55.059516846720356,11.19917702923557,0.3528743926747264,1
140.065851243692,5,0.5,5,700.32925621846,55.063049092997396,14.0065851243692,0.1,1
69.65781034309913,5,0.5,5,348.28905171549565,55.06670493140864,6.965781034309913,0.1,1
46.73230440019493,5,0.5,5,233.66152200097463,55.07045691357372,4.673230440019493,0.18890532604366647,1
160.49161129469985,5,0.5,5,802.4580564734993,55.07427664100822,16.049161129469987,0.46946083200184857,1
110.75855842754933,5,0.5,5,553.7927921377467,55.0781380402832,11.075855842754933,0.1,1
630.6207064391193,5,0.5,5,3153.1035321955965,55.08201736302519,63.06207064391193,0.36691069154875344,1
27.891401480824364,5,0.5,5,139.4570074041218,55.0858931859162,2.7891401480824363,0.48106235518134055,1
125.61358961528146,5,0.5,5,628.0679480764072,55.0897464106937,12.561358961528146,0.1,1
14.745161056350597,5,0.5,5,73.72580528175298,55.09356026415065,1.4745161056350597,0.1,1
38.59171018331317,5,0.5,5,192.95855091656586,55.097320298135486,3.859171018331317,0.33501276174893035,1
45.196211442706065,5,0.5,5,225.98105721353033,55.1010143895521,4.519621144270607,0.1,1
5.473462077225091,5,0.5,5,27.367310386125453,55.10463274035987,0.5473462077225091,0.24879567344654036,1
83.86635347111222,5,0.5,5,419.3317673555611,55.108167877573656,8.386635347111222,0.1,1
106.00467225643335,5,0.5,5,530.0233612821668,55.11161465326378,10.600467225643335,0.40015222455291144,1
54.12610012647659,5,0.5,5,270.6305006323829,55.11497024455604,5.412610012647659,0.5241656543505145,1
34.65960752203732,5,0.5,5,173.2980376101866,55.11823415363172,3.465960752203732,0.1,1
93.63027422343234,5,0.5,5,468.1513711171617,55.12140820772755,9.363027422343233,0.39937561243504244,1
71.22370441854001,5,0.5,5,356.11852209270006,55.12449655913577,7.122370441854001,0.1,1
18.30818184396018,5,0.5,5,91.54090921980091,55.12750568520407,1.830818184396018,0.1,1
538.1299320695999,5,0.5,5,2690.6496603479995,55.130444388335626,53.812993206959995,0.1,1
71.62387079495474,5,0.5,5,358.11935397477373,55.133323795989085,7.162387079495474,0.34448974050861936,1
34.8748023823454,5,0.5,5,174.374011911727,55.13615736067856,3.4874802382345402,0.1,1
26.260819674439034,5,0.5,5,131.30409837219517,55.13896085997365,2.6260819674439033,0.1,1
68.94276529141577,5,0.5,5,344.7138264570788,55.14175239649943,6.894276529141576,0.1,1
200.85217042615807,5,0.5,5,1004.2608521307903,55.14455239793644,20.085217042615806,0.1,1
144.52256255788595,5,0.5,5,722.6128127894298,55.14738361702068,14.452256255788594,0.1,1
31.650751800804443,5,0.5,5,158.2537590040222,55.15027113154367,3.165075180080444,0.48152512652367546,1
111.39391434608612,5,0.5,5,556.9695717304306,55.15324234435236,11.139391434608612,0.5036765956157634,1
52.114063863926674,5,0.5,5,260.57031931963337,55.156326983349196,5.211406386392667,0.364330643029071,1
104.99630379068306,5,0.5,5,524.9815189534153,55.159557101492084,10.499630379068305,0.1,1
161.32879960721502,5,0.5,5,806.6439980360751,55.16296707679442,16.132879960721503,0.10535045276877616,1
20.646650480351088,5,0.5,5,103.23325240175544,55.1664826929475,2.064665048035109,0.24324998192787675,1
21.753407304448764,5,0.5,5,108.76703652224381,55.169939426284515,2.1753407304448764,0.14036104923052753,1
56.52106520207788,5,0.5,5,282.6053260103894,55.17334017227544,5.652106520207788,0.1,1
80.31284789191292,5,0.5,5,401.56423945956465,55.17669031545892,8.031284789191293,0.1,1
28.229931333693063,5,0.5,5,141.14965666846533,55.17999505959947,2.822993133369306,0.1,1
8.632661100967056,5,0.5,5,43.16330550483528,55.18325942768743,0.8632661100967056,0.499721698006862,1
68.44885990328092,5,0.5,5,342.24429951640457,55.186488261939004,6.844885990328092,0.1,1
190.8672260213781,5,0.5,5,954.3361301068904,55.18968622379624,19.086722602137808,0.45793925135934727,1
16.58346373003552,5,0.5,5,82.91731865017759,55.192857793927004,1.658346373003552,0.36027858544784086,1
50.172432017175424,5,0.5,5,250.86216008587712,55.196007272225046,5.017243201717543,0.47786390449825916,1
40.072171853942415,5,0.5,5,200.36085926971208,55.19913877780994,4.007217185394241,0.14856827435203682,1
48.38539294940035,5,0.5,5,241.92696474700173,55.202256249027116,4.838539294940035,0.1,1
91.80921593247649,5,0.5,5,459.04607966238245,55.20536344344784,9.18092159324765,0.1,1
165.30679936801,5,0.5,5,826.5339968400499,55.20846393786922,16.530679936801,0.5202481573780308,1
65.54645877343808,5,0.5,5,327.7322938671904,55.21156112831423,6.554645877343807,0.483309538748664,1
20.147898713695106,5,0.5,5,100.73949356847552,55.21465823003167,2.0147898713695107,0.1,1
407.66491274751854,5,0.5,5,2038.3245637375926,55.217758277496195,40.76649127475186,0.1,1
85.79821238420172,5,0.5,5,428.9910619210086,55.22086412440831,8.579821238420172,0.36249598346274564,1
76.62811796783474,5,0.5,5,383.1405898391737,55.22397844369434,7.662811796783474,0.48620382209804364,1
148.17348962591993,5,0.5,5,740.8674481295997,55.227103727506496,14.817348962591993,0.43261944721306195,1
3.6932447056980426,5,0.5,5,18.466223528490215,55.2302422872228,0.3693244705698043,0.1,1
123.8798314658966,5,0.5,5,619.399157329483,55.23339625344714,12.38798314658966,0.4370761438143233,1
294.6293157834028,5,0.5,5,1473.1465789170138,55.23656757600924,29.462931578340278,0.4593520580215538,1
31.652279974753917,5,0.5,5,158.2613998737696,55.239758023964676,3.165227997475392,0.1,1
1856.037430526544,5,0.5,5,9280.18715263272,55.242969185594866,185.6037430526544,0.1,1
37.981963565540475,5,0.5,5,189.90981782770237,55.24620246840706,3.7981963565540475,0.13641695216341998,1
36.1428597978801,5,0.5,5,180.7142989894005,55.249459099134384,3.61428597978801,0.2732018726207941,1
165.33951193475153,5,0.5,5,826.6975596737576,55.25274012373579,16.533951193475154,0.23028443763068027,1
60.37024423422379,5,0.5,5,301.85122117111894,55.25604640739607,6.037024423422379,0.1,1
120.81422331155589,5,0.5,5,604.0711165577794,55.25937863452588,12.08142233115559,0.1,1
5.87211735504078,5,0.5,5,29.3605867752039,55.26273730876171,0.587211735504078,0.1,1
602.1310515062686,5,0.5,5,3010.655257531343,55.26612275296589,60.21310515062686,0.1,1
690.7781685756049,5,0.5,5,3453.8908428780246,55.26953510922661,69.07781685756049,0.2697010883881247,1
37.50473818842281,5,0.5,5,187.52369094211406,55.2729743388579,3.7504738188422815,0.1,1
83.07825322185283,5,0.5,5,415.39126610926417,55.27644022239963,8.307825322185284,0.4991310163068646,1
9.74351265980871,5,0.5,5,48.71756329904355,55.279932359617526,0.974351265980871,0.5478005079035216,1
53.53808979077313,5,0.5,5,267.69044895386565,55.283450169503155,5.3538089790773125,0.1,1
244.61680388762122,5,0.5,5,1223.084019438106,55.286992890273915,24.461680388762122,0.5469062482650578,1
155.23315356422378,5,0.5,5,776.165767821119,55.29055957937308,15.523315356422378,0.1,1
8.832806334365412,5,0.5,5,44.16403167182706,55.29414911346974,0.8832806334365412,0.2512490001400762,1
17.137084458833012,5,0.5,5,85.68542229416506,55.29776018845885,1.7137084458833012,0.1,1
122.4364589222583,5,0.5,5,612.1822946112915,55.30139131946121,12.24364589222583,0.4840755484123689,1
114.76783731127334,5,0.5,5,573.8391865563667,55.30504084082345,11.476783731127334,0.1,1
80.3675281437669,5,0.5,5,401.8376407188345,55.30870690611806,8.03675281437669,0.4896683901668012,1
19.312754181998315,5,0.5,5,96.56377090999158,55.31238748814337,1.9312754181998315,0.1,1
29.23128037349145,5,0.5,5,146.15640186745725,55.31608037892355,2.9231280373491453,0.1,1
5.057547832559561,5,0.5,5,25.287739162797806,55.31978679195112,0.5057547832559561,0.45055091040427137,1
124.80462794392149,5,0.5,5,624.0231397196075,55.323528424050956,12.48046279439215,0.1,1
147.2293030623058,5,0.5,5,736.146515311529,55.32730682873516,14.72293030623058,0.1,1
13.553063307266378,5,0.5,5,67.76531653633188,55.331119033399446,1.3553063307266378,0.1,1
59.868239611824805,5,0.5,5,299.34119805912405,55.33496214113924,5.9868239611824805,0.4325712784322507,1
3.2891566996351873,5,0.5,5,16.445783498175935,55.33883333074968,0.32891566996351873,0.1,1
60.75253645848886,5,0.5,5,303.7626822924443,55.34272985672559,6.075253645848886,0.35715142499597624,1
69.53788792549727,5,0.5,5,347.68943962748637,55.34664904926152,6.9537887925497275,0.5782536744477478,1
19.105329197515015,5,0.5,5,95.52664598757508,55.35058831425173,1.9105329197515015,0.18782677169867573,1
110.12264333496931,5,0.5,5,550.6132166748465,55.35454513329016,11.012264333496931,0.1,1
125.79391708794762,5,0.5,5,628.9695854397381,55.358517063670476,12.579391708794763,0.1,1
66.27084206808188,5,0.5,5,331.3542103404094,55.362501738386044,6.627084206808187,0.1,1
153.61547338348623,5,0.5,5,768.0773669174312,55.366496866129935,15.361547338348624,0.2980379033089048,1
64.17050785376372,5,0.5,5,320.85253926881865,55.370500231294926,6.4170507853763725,0.1,1
1169.8277970540332,5,0.5,5,5849.138985270166,55.37450969397349,116.98277970540332,0.1,1
565.4959346323468,5,0.5,5,2827.479673161734,55.37852318995784,56.54959346323468,0.1,1
115.63152284639773,5,0.5,5,578.1576142319886,55.382538730739846,11.563152284639774,0.1,1
209.84173999587168,5,0.5,5,1049.2086999793585,55.38655440351111,20.984173999587167,0.5172208912259159,1
154.77465618621085,5,0.5,5,773.8732809310543,55.39056837116295,15.477465618621085,0.1,1
41.494460799801956,5,0.5,5,207.4723039990098,55.39457887228636,4.149446079980196,0.13949430301557386,1
81.33257380255972,5,0.5,5,406.66286901279864,55.39858422117207,8.133257380255973,0.1,1
32.758544015104754,5,0.5,5,163.79272007552376,55.40258280781049,3.2758544015104754,0.1,1
98.57000189452108,5,0.5,5,492.8500094726054,55.40657309789176,9.857000189452108,0.357579790129623,1
394.68029798496633,5,0.5,5,1973.4014899248316,55.4105536328057,39.46802979849663,0.1,1
0.9680189739442319,5,0.5,5,4.84009486972116,55.41452302964186,0.09680189739442319,0.1,1
56.63438819745637,5,0.5,5,283.17194098728186,55.41847998118948,5.663438819745637,0.1088424045045179,1
117.2391743772957,5,0.5,5,586.1958718864785,55.4224232559375,11.72391743772957,0.1,1
116.84763328429102,5,0.5,5,584.2381664214552,55.42635169807458,11.684763328429103,0.16910729520329437,1
13.320751830615407,5,0.5,5,66.60375915307704,55.4302642274891,1.3320751830615407,0.1,1
53.9785598627874,5,0.5,5,269.892799313937,55.434159839769094,5.39785598627874,0.1,1
101.27868959258319,5,0.5,5,506.39344796291596,55.43803760620236,10.127868959258318,0.1,1
168.8754577705996,5,0.5,5,844.377288852998,55.441896673776355,16.887545777059962,0.1,1
168.43563531267333,5,0.5,5,842.1781765633666,55.445736265178276,16.843563531267332,0.5703022081283599,1
30.063230678390497,5,0.5,5,150.31615339195247,55.44955567879501,3.0063230678390496,0.5434281590567983,1
63.22580796970003,5,0.5,5,316.12903984850016,55.45335428871315,6.322580796970003,0.3488575050267694,1
114.81722071228322,5,0.5,5,574.086103561416,55.457131544719,11.481722071228322,0.1,1
20.19203998067435,5,0.5,5,100.96019990337174,55.46088697229855,2.019203998067435,0.5251048279521343,1
76.37099233666363,5,0.5,5,381.85496168331815,55.464620172637524,7.637099233666364,0.21960587294286013,1
10.746375634000454,5,0.5,5,53.731878170002275,55.46833082262134,1.0746375634000453,0.1,1
9.729980755438895,5,0.5,5,48.649903777194474,55.47201867483512,0.9729980755438895,0.3303555055600327,1
92.59637819488205,5,0.5,5,462.98189097441025,55.475683557563684,9.259637819488205,0.40993022284441893,1
69.40277461406973,5,0.5,5,347.0138730703486,55.479325374791564,6.940277461406973,0.1,1
89.28851274051758,5,0.5,5,446.4425637025879,55.482944106203014,8.928851274051757,0.1,1
138.5931927850616,5,0.5,5,692.965963925308,55.48653980718196,13.85931927850616,0.1,1
30.817276685755846,5,0.5,5,154.08638342877924,55.49011260881207,3.0817276685755846,0.1,1
72.43186203931099,5,0.5,5,362.15931019655494,55.49366271787669,7.243186203931098,0.17058917440702392,1
103.59081367174396,5,0.5,5,517.9540683587198,55.49719041685888,10.359081367174396,0.1,1
17.750128225323458,5,0.5,5,88.7506411266173,55.500696063941405,1.7750128225323458,0.46687491362063976,1
33.59674705740672,5,0.5,5,167.98373528703362,55.50418009300675,3.359674705740672,0.3065870116769244,1
15.344219274252513,5,0.5,5,76.72109637126256,55.50764301363708,1.5344219274252513,0.1,1
142.7605161510056,5,0.5,5,713.802580755028,55.51108541111429,14.27605161510056,0.1,1
182.5997584075596,5,0.5,5,912.998792037798,55.514507946419954,18.25997584075596,0.1,1
109.99061525832789,5,0.5,5,549.9530762916395,55.51791135623538,10.99906152583279,0.1,1
684.2838709764472,5,0.5,5,3421.4193548822363,55.52129645294156,68.42838709764473,0.4177313083322499,1
25.144788178107852,5,0.5,5,125.72394089053927,55.52466412461921,2.5144788178107853,0.44942072286546236,1
37.82197084576623,5,0.5,5,189.10985422883115,55.528015335048735,3.782197084576623,0.1,1
637.9964111359363,5,0.5,5,3189.9820556796817,55.53135112371025,63.79964111359364,0.1,1
51.42158799119765,5,0.5,5,257.10793995598823,55.534672605783584,5.142158799119764,0.5626386824985202,1
45.622251867853734,5,0.5,5,228.11125933926866,55.537980972148254,4.562225186785374,0.1,1
38.41666784274649,5,0.5,5,192.08333921373247,55.54127748938351,3.8416667842746492,0.1,1
65.05508491937132,5,0.5,5,325.2754245968566,55.54456349976829,6.505508491937133,0.1,1
40.02776464144884,5,0.5,5,200.1388232072442,55.54784042128122,4.002776464144884,0.1,1
45.16001903013602,5,0.5,5,225.8000951506801,55.55110974760067,4.516001903013602,0.1,1
22.895055044983927,5,0.5,5,114.47527522491964,55.55437304810469,2.2895055044983925,0.1,1
61.91782254616258,5,0.5,5,309.58911273081293,55.55763196787104,6.191782254616259,0.1,1
20.23110082562749,5,0.5,5,101.15550412813745,55.56088822767719,2.023110082562749,0.1,1
77.72209323085907,5,0.5,5,388.61046615429535,55.564143624000316,7.7722093230859075,0.28532780607326336,1
67.42359004059783,5,0.5,5,337.11795020298916,55.567400029017286,6.742359004059783,0.1,1
2.9469746249094597,5,0.5,5,14.734873124547299,55.570659390604696,0.29469746249094597,0.1,1
192.01349101667958,5,0.5,5,960.0674550833979,55.573923732338834,19.201349101667958,0.1,1
39.417017420625264,5,0.5,5,197.0850871031263,55.57719515349569,3.941701742062526,0.1,1
135.74430914531283,5,0.5,5,678.7215457265642,55.58047582905097,13.574430914531282,0.1,1
88.35831307170167,5,0.5,5,441.79156535850836,55.58376800968007,8.835831307170167,0.1,1
74.23480152110018,5,0.5,5,371.1740076055009,55.58707402175812,7.423480152110018,0.3615117426147407,1
31.710263659333936,5,0.5,5,158.55131829666968,55.59039626735992,3.1710263659333937,0.5480227264135625,1
47.23721317599352,5,0.5,5,236.1860658799676,55.59373722426001,4.7237213175993515,0.1,1
239.30570424841386,5,0.5,5,1196.5285212420692,55.597099445932606,23.930570424841385,0.5510668444181147,1
52.18144087885348,5,0.5,5,260.9072043942674,55.60048556155165,5.218144087885348,0.1,1
64.95632816403048,5,0.5,5,324.7816408201524,55.60389827599078,6.495632816403048,0.1,1
26.69480136556219,5,0.5,5,133.47400682781094,55.60734036982334,2.669480136556219,0.18840630599343777,1
96.5444987781374,5,0.5,5,482.72249389068696,55.61081469932238,9.65444987781374,0.1,1
86.51338223927053,5,0.5,5,432.56691119635263,55.614324196460664,8.651338223927052,0.19944671970530184,1
106.5845261059893,5,0.5,5,532.9226305299464,55.617871868910655,10.65845261059893,0.1,1
17.11438296472415,5,0.5,5,85.57191482362074,55.6214608000445,1.711438296472415,0.1,1
26.222058988465534,5,0.5,5,131.11029494232767,55.6250941489341,2.6222058988465533,0.1449365830044683,1
66.18888889961265,5,0.5,5,330.94444449806326,55.628775150351025,6.618888889961265,0.1,1
29.40076589789198,5,0.5,5,147.0038294894599,55.632507114766554,2.940076589789198,0.546189428627731,1
68.1905320912324,5,0.5,5,340.952660456162,55.636293428351685,6.81905320912324,0.5679577471514281,1
45.35019513192332,5,0.5,5,226.7509756596166,55.64013755297711,4.535019513192332,0.1,1
14.231550520195652,5,0.5,5,71.15775260097826,55.6440364935411,1.4231550520195653,0.5464394304187916,1
37.62333439857854,5,0.5,5,188.11667199289272,55.64794922529988,3.762333439857854,0.1,1
60.481988549863686,5,0.5,5,302.4099427493184,55.6518670083451,6.048198854986369,0.1,1
83.76277383677709,5,0.5,5,418.81386918388546,55.65578871001121,8.376277383677708,0.1,1
82.04363679537595,5,0.5,5,410.21818397687974,55.65971322433621,8.204363679537595,0.1,1
78.4592861879276,5,0.5,5,392.296430939638,55.663639472061604,7.84592861879276,0.34896710239364137,1
152.865173371325,5,0.5,5,764.325866856625,55.66756640063245,15.2865173371325,0.6356016074252571,1
171.52187128104725,5,0.5,5,857.6093564052362,55.67149298419734,17.152187128104725,0.5613616834192281,1
91.00292455447399,5,0.5,5,455.01462277237,55.67541822360838,9.100292455447399,0.49675822222621263,1
11.685443482202007,5,0.5,5,58.427217411010034,55.67934114642121,1.1685443482202007,0.29815458404249134,1
44.1236109179344,5,0.5,5,220.618054589672,55.68326080689501,4.41236109179344,0.19390300492824042,1
111.4867500203782,5,0.5,5,557.433750101891,55.687176285992464,11.14867500203782,0.1,1
88.33912125786728,5,0.5,5,441.6956062893364,55.69108669137984,8.833912125786728,0.1,1
16.94270612901785,5,0.5,5,84.71353064508925,55.694991157426884,1.694270612901785,0.5055899831453537,1
78.69961372272374,5,0.5,5,393.49806861361867,55.698888845206895,7.869961372272374,0.3977459226964506,1
66.3789487095789,5,0.5,5,331.89474354789456,55.70277894249671,6.637894870957891,0.5114788463777317,1
103.19161050987064,5,0.5,5,515.9580525493532,55.706660663776674,10.319161050987065,0.267719585282374,1
326.54573650840285,5,0.5,5,1632.7286825420142,55.7105332502307,32.654573650840284,0.1582576846566967,1
34.53094522710633,5,0.5,5,172.65472613553163,55.71439596974618,3.453094522710633,0.1,1
0.07478238044260621,5,0.5,5,0.37391190221303106,55.71824811691408,0.007478238044260621,0.2243750686279827,1
11.054437338386414,5,0.5,5,55.27218669193207,55.722089013028885,1.1054437338386414,0.1,1
148.72933072088384,5,0.5,5,743.6466536044192,55.725918006088605,14.872933072088383,0.2804598427589295,1
93.31965325445218,5,0.5,5,466.5982662722609,55.72973447079478,9.331965325445218,0.1639755396163827,1
56.808792253382265,5,0.5,5,284.0439612669113,55.73353780855249,5.680879225338226,0.1,1
13.551595292036318,5,0.5,5,67.7579764601816,55.737327447470335,1.3551595292036318,0.1,1
43.782652993950144,5,0.5,5,218.9132649697507,55.741102842360455,4.378265299395014,0.546230749016447,1
143.77070177474153,5,0.5,5,718.8535088737076,55.74486347473852,14.377070177474153,0.6102292338079603,1
184.65671690222175,5,0.5,5,923.2835845111088,55.74860885282372,18.465671690222173,0.1,1
104.02431213008111,5,0.5,5,520.1215606504056,55.752338511538795,10.40243121300811,0.1,1
16.78178816242881,5,0.5,5,83.90894081214405,55.75605201250999,1.678178816242881,0.1,1
43.14783898274518,5,0.5,5,215.7391949137259,55.759748944067105,4.314783898274518,0.5982654716543965,1
80.73095510317457,5,0.5,5,403.6547755158728,55.76342892124346,8.073095510317456,0.5674886532048311,1
86.39310349483856,5,0.5,5,431.9655174741928,55.76709158577591,8.639310349483855,0.1,1
82.06973807449637,5,0.5,5,410.3486903724819,55.770736606104826,8.206973807449637,0.1,1
20.472219259019415,5,0.5,5,102.36109629509707,55.77436367737413,2.0472219259019413,0.607939007487141,1
22.811150554630174,5,0.5,5,114.05575277315087,55.77797252143127,2.2811150554630175,0.5771439170217543,1
91.99609792659976,5,0.5,5,459.9804896329988,55.78156288682722,9.199609792659976,0.1,1
76.91388426233087,5,0.5,5,384.5694213116543,55.78513454881648,7.691388426233087,0.1,1
65.90826528447995,5,0.5,5,329.5413264223998,55.78868730935709,6.590826528447995,0.3989049989974468,1
5.137684701577028,5,0.5,5,25.68842350788514,55.79222099711062,0.5137684701577028,0.1,1
67.90945844991849,5,0.5,5,339.54729224959243,55.79573546744216,6.790945844991849,0.1,1
5.932233224734052,5,0.5,5,29.66116612367026,55.799230602420344,0.5932233224734051,0.586000952165091,1
72.19516091721792,5,0.5,5,360.97580458608957,55.80270631081734,7.2195160917217915,0.1,1
16.197654082771585,5,0.5,5,80.98827041385792,55.80616252810883,1.6197654082771584,0.43597089235271286,1
6.577002128698217,5,0.5,5,32.885010643491086,55.809599216474034,0.6577002128698217,0.6014155966445976,1
37.62099812015761,5,0.5,5,188.10499060078803,55.813016364795715,3.762099812015761,0.1,1
4.2320984729168565,5,0.5,5,21.160492364584282,55.816413988660145,0.42320984729168565,0.49674573147517126,1
86.8675274322111,5,0.5,5,434.3376371610555,55.81979213035714,8.68675274322111,0.1,1
65.3534435945158,5,0.5,5,326.767217972579,55.823150858880055,6.53534435945158,0.1,1
23.90189396676956,5,0.5,5,119.5094698338478,55.82649026992576,2.390189396676956,0.30688918689437605,1
103.4683438219713,5,0.5,5,517.3417191098565,55.829810485894654,10.34683438219713,0.1,1
55.25493964756363,5,0.5,5,276.27469823781814,55.83311165589069,5.525493964756363,0.34326242469115753,1
83.76239763520306,5,0.5,5,418.8119881760153,55.83639395572132,8.376239763520307,0.1,1
140.11416706545353,5,0.5,5,700.5708353272677,55.83965758789755,14.011416706545353,0.5261511186830329,1
69.4502917022594,5,0.5,5,347.251458511297,55.84290278163391,6.945029170225941,0.6306053699539025,1
87.82297788195805,5,0.5,5,439.1148894097903,55.846129792848465,8.782297788195805,0.6413391553230107,1
36.38315614215673,5,0.5,5,181.91578071078365,55.8493389041628,3.638315614215673,0.4596299839545391,1
108.53548608912315,5,0.5,5,542.6774304456158,55.852530424902035,10.853548608912316,0.6695802770279555,1
71.89114287731753,5,0.5,5,359.45571438658766,55.855704691094836,7.189114287731753,0.1,1
56.87776705471245,5,0.5,5,284.3888352735622,55.858862065473375,5.687776705471245,0.1,1
73.16770132833044,5,0.5,5,365.8385066416522,55.86200293747336,7.316770132833044,0.1,1
76.13770122711051,5,0.5,5,380.68850613555253,55.86512772323406,7.613770122711051,0.5799259834451965,1
22.075549491394796,5,0.5,5,110.37774745697398,55.868236865598234,2.2075549491394795,0.4364558212709565,1
69.50353170296533,5,0.5,5,347.5176585148267,55.87133083411219,6.950353170296533,0.5659365702994719,1
27.007876807273227,5,0.5,5,135.03938403636613,55.874410125025776,2.7007876807273226,0.24364409892595285,1
48.19203573510688,5,0.5,5,240.9601786755344,55.877475261292346,4.819203573510688,0.1,1
399.4417911255875,5,0.5,5,1997.2089556279375,55.880526792568816,39.94417911255875,0.4382451281718382,1
228.0643933788859,5,0.5,5,1140.3219668944296,55.883565295215604,22.80643933788859,0.1,1
48.68106806478133,5,0.5,5,243.40534032390664,55.88659137229667,4.868106806478133,0.1,1
85.5498303221108,5,0.5,5,427.74915161055395,55.88960565357952,8.55498303221108,0.10488454416953266,1
1.7848284655081204,5,0.5,5,8.924142327540602,55.89260879553517,0.17848284655081204,0.1,1
72.06743486065173,5,0.5,5,360.3371743032586,55.89560148133816,7.206743486065173,0.1,1
0.26085146745670196,5,0.5,5,1.3042573372835098,55.8985844208666,0.026085146745670196,0.2016646326900093,1
66.02368683221877,5,0.5,5,330.1184341610939,55.90155835070208,6.6023686832218775,0.6101595275615193,1
26.83166724796645,5,0.5,5,134.15833623983224,55.904524034129764,2.683166724796645,0.17222880680250074,1
88.60169617430856,5,0.5,5,443.0084808715428,55.90748226113832,8.860169617430856,0.1,1
145.1833474827651,5,0.5,5,725.9167374138256,55.91043384841996,14.51833474827651,0.6329412869058217,1
30.65961081469384,5,0.5,5,153.2980540734692,55.91337963937042,3.065961081469384,0.1,1
290.65284598921994,5,0.5,5,1453.2642299460997,55.91632050408897,29.065284598921995,0.41627207673950484,1
23.880582127206395,5,0.5,5,119.40291063603198,55.91925733937842,2.3880582127206393,0.6370330672955297,1
27.8299834916066,5,0.5,5,139.149917458033,55.92219106874508,2.78299834916066,0.6351385434035466,1
93.40449836304593,5,0.5,5,467.02249181522967,55.925122642398826,9.340449836304593,0.1,1
78.26536454537381,5,0.5,5,391.32682272686907,55.92805303725305,7.826536454537381,0.6787549969341676,1
29.705426058047625,5,0.5,5,148.52713029023812,55.93098325692468,2.9705426058047624,0.1,1
57.57804539158173,5,0.5,5,287.8902269579087,55.93391433173415,5.757804539158173,0.1,1
62.29171600884107,5,0.5,5,311.45858004420535,55.93684731870547,6.229171600884107,0.5393006938586299,1
39.84642002350152,5,0.5,5,199.23210011750763,55.93978330156614,3.984642002350152,0.1,1
92.59105915800778,5,0.5,5,462.9552957900389,55.94272339074721,9.259105915800777,0.1,1
75.35966047047397,5,0.5,5,376.79830235236983,55.945668723383264,7.535966047047397,0.1,1
53.685530274345595,5,0.5,5,268.42765137172796,55.9486204633124,5.36855302743456,0.1,1
14.530541553713494,5,0.5,5,72.65270776856747,55.951579801076264,1.4530541553713494,0.1,1
19.702231421973583,5,0.5,5,98.51115710986791,55.95454795392003,1.9702231421973582,0.5121927890552134,1
123.01571208314208,5,0.5,5,615.0785604157104,55.95752616579239,12.301571208314208,0.2829757962180087,1
57.50258639434962,5,0.5,5,287.5129319717481,55.96051570734557,5.750258639434962,0.1,1
90.38708146561574,5,0.5,5,451.93540732807867,55.96351787593535,9.038708146561573,0.1,1
5.270131558567714,5,0.5,5,26.350657792838568,55.96653399562101,0.5270131558567714,0.1,1
90.42625051519437,5,0.5,5,452.13125257597187,55.969565417165384,9.042625051519437,0.1,1
52.67225387516572,5,0.5,5,263.3612693758286,55.97261351803482,5.267225387516572,0.1,1
82.45543782862244,5,0.5,5,412.2771891431122,55.9756797023992,8.245543782862244,0.38831177470846684,1
12.268482842143664,5,0.5,5,61.34241421071832,55.978765401131945,1.2268482842143664,0.5860545733243167,1
17.219404265765583,5,0.5,5,86.0970213288279,55.98187207181001,1.7219404265765583,0.3167254172970661,1
76.1507907928302,5,0.5,5,380.753953964151,55.98500119871386,7.615079079283019,0.1,1
146.6584051923399,5,0.5,5,733.2920259616994,55.98815429282751,14.66584051923399,0.1,1
35.9299520270959,5,0.5,5,179.6497601354795,55.991332891838496,3.59299520270959,0.1,1
17.151898785484168,5,0.5,5,85.75949392742083,55.9945385601379,1.7151898785484168,0.1,1
273.84292764242366,5,0.5,5,1369.2146382121182,55.99777288882031,27.384292764242367,0.3307760805102315,1
26.478210059076545,5,0.5,5,132.39105029538274,56.00103749568386,2.6478210059076543,0.1,1
118.29806681779789,5,0.5,5,591.4903340889895,56.00433402523022,11.82980668177979,0.1,1
116.2295757090534,5,0.5,5,581.1478785452671,56.00766414866458,11.62295757090534,0.1,1
4.358116469135079,5,0.5,5,21.790582345675396,56.01102956389566,0.43581164691350793,0.1,1
99.24690673401149,5,0.5,5,496.23453367005743,56.01443199553572,9.924690673401148,0.1,1
86.28299995228116,5,0.5,5,431.4149997614058,56.01787319490056,8.628299995228115,0.46115519415613937,1
38.41542753506248,5,0.5,5,192.07713767531237,56.021354940009466,3.8415427535062476,0.46195020017958116,1
20.86705418597692,5,0.5,5,104.33527092988459,56.024879035585315,2.086705418597692,0.1,1
46.33919116550469,5,0.5,5,231.69595582752345,56.028447313054464,4.6339191165504685,0.5914932003817583,1
27.271583079332228,5,0.5,5,136.35791539666113,56.032061630546835,2.7271583079332227,0.30293181334603897,1
62.98158538145997,5,0.5,5,314.90792690729984,56.03572387289587,6.298158538145997,0.1,1
76.35769912606719,5,0.5,5,381.78849563033594,56.03943595163853,7.635769912606719,0.1,1
291.1043712490469,5,0.5,5,1455.5218562452344,56.04319980501533,29.11043712490469,0.1,1
19.057485071788992,5,0.5,5,95.28742535894496,56.047017397970286,1.9057485071788993,0.1,1
75.130355773073,5,0.5,5,375.65177886536503,56.050890722150974,7.513035577307301,0.39577547178379885,1
197.73701470277652,5,0.5,5,988.6850735138826,56.05482179590849,19.77370147027765,0.5824569078156858,1
92.71672271881599,5,0.5,5,463.5836135940799,56.05880703001538,9.271672271881599,0.2691175809120348,1
54.58578797375176,5,0.5,5,272.9289398687588,56.06278361990617,5.458578797375177,0.1,1
109.94565924195179,5,0.5,5,549.7282962097589,56.06673482203894,10.994565924195179,0.5838457300075937,1
83.1631269749954,5,0.5,5,415.815634874977,56.07066222262493,8.316312697499539,0.1,1
13.329108773280163,5,0.5,5,66.64554386640081,56.074567380485135,1.3329108773280163,0.2593187805079862,1
75.66332595574882,5,0.5,5,378.3166297787441,56.07845182705031,7.566332595574882,0.328742964302829,1
104.76632362954965,5,0.5,5,523.8316181477483,56.08231706636097,10.476632362954964,0.1,1
94.02806791260305,5,0.5,5,470.14033956301523,56.0861645750674,9.402806791260305,0.558602815780203,1
41.01102346519232,5,0.5,5,205.0551173259616,56.089995802429655,4.101102346519232,0.1,1
77.0059503472294,5,0.5,5,385.029751736147,56.093812170317534,7.70059503472294,0.3987187096914211,1
31.62427733374661,5,0.5,5,158.12138666873304,56.097615073210605,3.1624277333746607,0.1,1
119.83596866418398,5,0.5,5,599.1798433209199,56.101405878198214,11.983596866418399,0.1,1
2.721748012424663,5,0.5,5,13.608740062123314,56.10518592497945,0.2721748012424663,0.2600675226073461,1
43.47130821809926,5,0.5,5,217.3565410904963,56.10895652586318,4.347130821809926,0.5746749241843846,1
126.74303088533385,5,0.5,5,633.7151544266693,56.11271896576801,12.674303088533385,0.2740518823473964,1
87.89403898664546,5,0.5,5,439.4701949332273,56.116474502222346,8.789403898664546,0.1,1
98.78417272851586,5,0.5,5,493.92086364257926,56.120224365364315,9.878417272851586,0.1,1
76.96709703760564,5,0.5,5,384.8354851880282,56.12396975794184,7.696709703760564,0.1,1
72.34870416633849,5,0.5,5,361.7435208316925,56.1277118553126,7.234870416633849,0.1,1
74.06756400097163,5,0.5,5,370.33782000485814,56.13145180544401,7.406756400097163,0.7203830354401353,1
193.91735245002133,5,0.5,5,969.5867622501066,56.13519072891328,19.39173524500213,0.1,1
39.5812314203249,5,0.5,5,197.9061571016245,56.13892971890738,3.95812314203249,0.1,1
76.49058002317008,5,0.5,5,382.4529001158504,56.14266984122302,7.649058002317008,0.5004184951403973,1
21.855112302424168,5,0.5,5,109.27556151212085,56.1464121342667,2.1855112302424167,0.1,1
81.92835711711449,5,0.5,5,409.64178558557245,56.15015760905465,8.19283571171145,0.1,1
143.4849940468676,5,0.5,5,717.4249702343379,56.15390724921291,14.348499404686759,0.11445056963009687,1
75.8572650295513,5,0.5,5,379.2863251477565,56.157662010977226,7.58572650295513,0.1,1
28.881898791584813,5,0.5,5,144.40949395792407,56.16142282319315,2.8881898791584812,0.19520825232900235,1
60.491862773060575,5,0.5,5,302.4593138653029,56.16519058731599,6.049186277306058,0.1,1
108.21924883580346,5,0.5,5,541.0962441790173,56.168966177410795,10.821924883580346,0.1271934092434649,1
103.72838279213563,5,0.5,5,518.6419139606782,56.1727504401524,10.372838279213564,0.6174096502460446,1
71.77988476640725,5,0.5,5,358.89942383203623,56.17654419482538,7.177988476640725,0.5220855298483227,1
79.08254078017265,5,0.5,5,395.4127039008632,56.18034823332411,7.908254078017265,0.5641092627333573,1
38.214369211015104,5,0.5,5,191.07184605507553,56.184163320152685,3.8214369211015105,0.1,1
165.5491082351308,5,0.5,5,827.745541175654,56.187990192424984,16.55491082351308,0.6394471260791245,1
18.6542115423713,5,0.5,5,93.2710577118565,56.19182955986465,1.86542115423713,0.1,1
11.574843544975488,5,0.5,5,57.87421772487744,56.19568210480509,1.1574843544975488,0.1,1
11.822437637561027,5,0.5,5,59.11218818780513,56.19954848218946,1.1822437637561027,0.3585191251926018,1
77.8180413908242,5,0.5,5,389.090206954121,56.203429319570695,7.78180413908242,0.1,1
154.34682444128362,5,0.5,5,771.7341222064181,56.20732521711148,15.434682444128361,0.1,1
92.28892816701905,5,0.5,5,461.44464083509524,56.21123674758427,9.228892816701904,0.1,1
108.5229205395701,5,0.5,5,542.6146026978505,56.21516445637129,10.85229205395701,0.1,1
50.01094403152495,5,0.5,5,250.05472015762476,56.219108861464505,5.001094403152495,0.1,1
50.329033875530016,5,0.5,5,251.64516937765006,56.22307045346566,5.032903387553001,0.1,1
11.074859858642816,5,0.5,5,55.37429929321408,56.22704969558627,1.1074859858642816,0.5350447019249651,1
12.089804569964603,5,0.5,5,60.44902284982301,56.23104702364758,1.2089804569964602,0.43594749607542543,1
106.1207605735776,5,0.5,5,530.603802867888,56.23506284608064,10.61207605735776,0.6287632532762296,1
78.3851938832887,5,0.5,5,391.9259694164435,56.23909754392623,7.838519388328869,0.1,1
92.06012288526344,5,0.5,5,460.3006144263172,56.24315147083492,9.206012288526344,0.1,1
178.02594537994418,5,0.5,5,890.1297268997209,56.247224953067004,17.802594537994416,0.1,1
123.39211555263181,5,0.5,5,616.960577763159,56.25131828949258,12.33921155526318,0.1,1
50.73966891542283,5,0.5,5,253.69834457711417,56.255431751591495,5.073966891542283,0.40953926454885986,1
5.6925336563018485,5,0.5,5,28.46266828150924,56.25956558345334,0.5692533656301848,0.25250283316484007,1
163.38676751203022,5,0.5,5,816.9338375601511,56.26372000177749,16.33867675120302,0.5883195259548197,1
142.6766391098993,5,0.5,5,713.3831955494965,56.26789519587309,14.26766391098993,0.1,1
510.62989110013444,5,0.5,5,2553.149455500672,56.27209132765901,51.06298911001345,0.5309037909941515,1
11.852452013093306,5,0.5,5,59.26226006546653,56.27630853166393,1.1852452013093306,0.35760236851635624,1
152.25124969525942,5,0.5,5,761.2562484762971,56.28054691502625,15.225124969525941,0.1327497100418135,1
8.770378141041729,5,0.5,5,43.851890705208646,56.284806557494164,0.8770378141041728,0.5381752785840332,1
59.15576632534749,5,0.5,5,295.7788316267375,56.28908751142561,5.91557663253475,0.1,1
95.16493306537807,5,0.5,5,475.82466532689034,56.29338980178831,9.516493306537807,0.1,1
57.58887768127234,5,0.5,5,287.9443884063617,56.29771342615972,5.758887768127234,0.4801082861248822,1
90.39968158506836,5,0.5,5,451.99840792534184,56.30205835472707,9.039968158506836,0.1,1
52.7735465494719,5,0.5,5,263.8677327473595,56.30642453028738,5.277354654947191,0.2325986237797648,1
92.47569225965864,5,0.5,5,462.37846129829325,56.310811868247384,9.247569225965865,0.42974726313731026,1
53.60581490553763,5,0.5,5,268.0290745276881,56.31522025662361,5.360581490553763,0.5506680419840457,1
43.89556247128098,5,0.5,5,219.4778123564049,56.31964955604235,4.389556247128098,0.581912009177018,1
91.43335672761992,5,0.5,5,457.1667836380996,56.32409959973965,9.143335672761992,0.1,1
51.741919405984525,5,0.5,5,258.70959702992263,56.328570193561305,5.174191940598453,0.6228184046179601,1
234.87394996815198,5,0.5,5,1174.3697498407598,56.333061115962906,23.487394996815198,0.13860431362056028,1
185.7480456602605,5,0.5,5,928.7402283013024,56.33757211800978,18.57480456602605,0.6056402508633566,1
96.48251641160599,5,0.5,5,482.4125820580299,56.34210292337703,9.648251641160599,0.2540023629940334,1
6.009600661663783,5,0.5,5,30.048003308318915,56.3466532283495,0.6009600661663783,0.1,1
44.585690218389004,5,0.5,5,222.92845109194502,56.35122270182183,4.4585690218389,0.25859118724157854,1
48.07300436887472,5,0.5,5,240.3650218443736,56.355810985298405,4.807300436887472,0.1,1
114.37695925200251,5,0.5,5,571.8847962600125,56.36041769289337,11.43769592520025,0.5951962537405525,1
83.26864813400312,5,0.5,5,416.3432406700156,56.365042411330634,8.326864813400311,0.46910544379263547,1
19.534779638495724,5,0.5,5,97.67389819247862,56.36968469994388,1.9534779638495725,0.1,1
157.99089136802797,5,0.5,5,789.9544568401399,56.37434409067654,15.799089136802797,0.1,1
15.877915007583688,5,0.5,5,79.38957503791843,56.37902008808181,1.5877915007583687,0.1,1
112.79320916173658,5,0.5,5,563.9660458086829,56.383712169322656,11.279320916173658,0.13321351980305746,1
125.29040888745224,5,0.5,5,626.4520444372612,56.3884197841718,12.529040888745225,0.44747440475127015,1
0.05992667208364055,5,0.5,5,0.29963336041820277,56.39314235501174,0.005992667208364055,0.1,1
57.379282482210336,5,0.5,5,286.8964124110517,56.397879276834715,5.737928248221033,0.18762273873575552,1
73.90444652714783,5,0.5,5,369.5222326357391,56.40262991724275,7.390444652714782,0.30227011221177646,1
105.82111517878855,5,0.5,5,529.1055758939427,56.407393616447614,10.582111517878854,0.1,1
11.27021535069349,5,0.5,5,56.35107675346745,56.41216968727084,1.127021535069349,0.35097014351000866,1
51.178290024718635,5,0.5,5,255.8914501235932,56.41695741514374,5.117829002471863,0.404488122591459,1
97.55462000109843,5,0.5,5,487.77310000549215,56.42175605810738,9.755462000109842,0.1,1
120.5888948426046,5,0.5,5,602.944474213023,56.426564846812575,12.05888948426046,0.10692386265385732,1
65.84016459252342,5,0.5,5,329.2008229626171,56.43138298451993,6.584016459252342,0.1,1
8.366830328274,5,0.5,5,41.83415164137,56.43620964709978,0.8366830328274,0.49257774723109626,1
66.73042091245269,5,0.5,5,333.65210456226345,56.44104398303225,6.673042091245269,0.6693113800615017,1
101.05352737785208,5,0.5,5,505.2676368892604,56.44588511340723,10.105352737785207,0.1,1
74.37536558314575,5,0.5,5,371.87682791572877,56.45073213192434,7.437536558314575,0.2659054872548047,1
21.110397445889905,5,0.5,5,105.55198722944952,56.45558410489299,2.1110397445889904,0.1,1
138.35791138675202,5,0.5,5,691.7895569337601,56.460440071232355,13.835791138675201,0.1,1
223.84587494350674,5,0.5,5,1119.2293747175338,56.46529904247136,22.384587494350676,0.17290605000591364,1
82.41286030421186,5,0.5,5,412.0643015210593,56.470160002748685,8.241286030421186,0.688278130727598,1
7.914102225118702,5,0.5,5,39.57051112559351,56.4750219088128,0.7914102225118702,0.38728271362560973,1
114.64884528091663,5,0.5,5,573.2442264045832,56.479883690021914,11.464884528091662,0.38249620896664877,1
7.421058002169056,5,0.5,5,37.10529001084528,56.484744248344015,0.7421058002169056,0.1,1
37.05139131583137,5,0.5,5,185.25695657915685,56.48960245835683,3.705139131583137,0.1,1
148.2951193692185,5,0.5,5,741.4755968460925,56.49445716724788,14.82951193692185,0.3180199285724861,1
631.7720538825283,5,0.5,5,3158.8602694126416,56.49930719481443,63.17720538825283,0.4704237638341284,1
187.79121652425454,5,0.5,5,938.9560826212727,56.504151333463504,18.779121652425452,0.1,1
43.98789562257958,5,0.5,5,219.9394781128979,56.5089883482119,4.398789562257958,0.1,1
30.93387905141622,5,0.5,5,154.6693952570811,56.51381697668618,3.093387905141622,0.642560992554142,1
98.37306069669829,5,0.5,5,491.86530348349146,56.51863592912265,9.837306069669829,0.1,1
49.16361689038888,5,0.5,5,245.8180844519444,56.5234438883674,4.916361689038888,0.1,1
52.83203536926118,5,0.5,5,264.1601768463059,56.52823950987628,5.283203536926118,0.5374447989225928,1
53.14112657635863,5,0.5,5,265.7056328817931,56.53302142171489,5.314112657635863,0.1,1
107.29888225468045,5,0.5,5,536.4944112734022,56.5377882245586,10.729888225468045,0.21965397304576478,1
86.65837846165121,5,0.5,5,433.291892308256,56.54253849169254,8.665837846165122,0.3011333556297025,1
68.07569992482733,5,0.5,5,340.3784996241367,56.54727076901161,6.807569992482733,0.1,1
124.71934252693964,5,0.5,5,623.5967126346982,56.55198357502047,12.471934252693964,0.25755608044901424,1
47.24517496258305,5,0.5,5,236.22587481291527,56.55667540083354,4.724517496258305,0.1,1
15.222672613926722,5,0.5,5,76.1133630696336,56.561344710175,1.5222672613926722,0.12542949844405896,1
42.27045300024586,5,0.5,5,211.35226500122928,56.5659899393788,4.227045300024586,0.2334289673946443,1
109.482970269188,5,0.5,5,547.41485134594,56.570609497388645,10.9482970269188,0.6492649769765976,1
94.36551041596958,5,0.5,5,471.8275520798479,56.57520176575802,9.436551041596958,0.6487882600094724,1
84.53153442301121,5,0.5,5,422.657672115056,56.579765098650135,8.45315344230112,0.1,1
27.789235787969446,5,0.5,5,138.94617893984724,56.584297253625856,2.7789235787969444,0.1,1
105.3700150725843,5,0.5,5,526.8500753629214,56.58875324324702,10.537001507258429,0.1,1
214.17723972715956,5,0.5,5,1070.8861986357979,56.59311314727855,21.417723972715955,0.1,1
114.72460511915403,5,0.5,5,573.6230255957702,56.5973874498319,11.472460511915404,0.1,1
7.574028747905892,5,0.5,5,37.87014373952946,56.60158630461943,0.7574028747905892,0.1,1
323.3158733880313,5,0.5,5,1616.5793669401567,56.605719534954495,32.33158733880313,0.1,1
25.554112971931907,5,0.5,5,127.77056485965954,56.609796633751344,2.555411297193191,0.1,1
112.27473966085466,5,0.5,5,561.3736983042734,56.61382676352518,11.227473966085466,0.6649192741658378,1
7.0255255120917575,5,0.5,5,35.12762756045879,56.617818756392175,0.7025525512091757,0.45445746090441536,1
179.27441874812212,5,0.5,5,896.3720937406106,56.6217811140694,17.92744187481221,0.2270024361917124,1
31.670609385943443,5,0.5,5,158.3530469297172,56.6257220078749,3.1670609385943442,0.506547957418679,1
88.25196600043807,5,0.5,5,441.25983000219037,56.62964927872763,8.825196600043807,0.3529430649880349,1
119.67650977414624,5,0.5,5,598.3825488707312,56.633570437147526,11.967650977414625,0.1,1
105.8874066609283,5,0.5,5,529.4370333046415,56.63749266325543,10.58874066609283,0.1,1
91.86629853367727,5,0.5,5,459.3314926683863,56.64142280677315,9.186629853367727,0.1,1
50.328594123566106,5,0.5,5,251.64297061783054,56.64536738702341,5.03285941235661,0.46180037965433685,1
894.9889664300262,5,0.5,5,4474.94483215013,56.64933259292991,89.49889664300261,0.1,1
77.87346646130652,5,0.5,5,389.3673323065326,56.653324283017255,7.787346646130652,0.1,1
106.08957875774594,5,0.5,5,530.4478937887297,56.657347985411015,10.608957875774594,0.1,1
118.53747935742844,5,0.5,5,592.6873967871422,56.661408897837696,11.853747935742843,0.1,1
29.566880120370172,5,0.5,5,147.83440060185086,56.66551188762473,2.9566880120370174,0.41854288475012646,1
25.460306440803855,5,0.5,5,127.30153220401928,56.66966149170052,2.5460306440803855,0.691372900753618,1
18.17251862617859,5,0.5,5,90.86259313089295,56.67386191659439,1.817251862617859,0.1,1
69.81132716439744,5,0.5,5,349.0566358219872,56.6781170384366,6.981132716439744,0.1,1
23.41831062079118,5,0.5,5,117.09155310395589,56.682430402958374,2.341831062079118,0.6931021430330947,1
57.087118155472695,5,0.5,5,285.4355907773635,56.68680522549186,5.70871181554727,0.1,1
46.54879071085199,5,0.5,5,232.74395355425995,56.69124439097014,4.654879071085199,0.1,1
348.3530162316218,5,0.5,5,1741.7650811581088,56.69575045392727,34.83530162316218,0.6388387006298087,1
129.9339597874066,5,0.5,5,649.669798937033,56.7003256384982,12.99339597874066,0.1,1
19.166446601124033,5,0.5,5,95.83223300562017,56.704971838418864,1.9166446601124032,0.1,1
136.94665342788937,5,0.5,5,684.7332671394469,56.70969061702612,13.694665342788937,0.1,1
72.53804251621368,5,0.5,5,362.6902125810684,56.714483207257764,7.253804251621368,0.1,1
136.6012295980075,5,0.5,5,683.0061479900376,56.71935051165254,13.66012295980075,0.1,1
131.11749031676553,5,0.5,5,655.5874515838276,56.72429310235013,13.111749031676553,0.1,1
8.719633658429416,5,0.5,5,43.59816829214708,56.72931122109115,0.8719633658429415,0.1,1
33.6964822518748,5,0.5,5,168.48241125937398,56.73440477921718,3.36964822518748,0.13521055156369238,1
39.93940497880247,5,0.5,5,199.69702489401237,56.739573357670714,3.993940497880247,0.1,1
106.72726700496517,5,0.5,5,533.6363350248258,56.74481620699521,10.672726700496517,0.4665013821273336,1
140.4750620708067,5,0.5,5,702.3753103540334,56.750132247335046,14.04750620708067,0.1,1
27.19169051380708,5,0.5,5,135.95845256903542,56.75552006843556,2.719169051380708,0.1,1
52.39675480100922,5,0.5,5,261.98377400504614,56.76097792964302,5.239675480100923,0.1,1
162.46811268609088,5,0.5,5,812.3405634304544,56.766503759904644,16.246811268609086,0.5156190776526318,1
734.2259824489817,5,0.5,5,3671.129912244908,56.77209515776858,73.42259824489817,0.1,1
34.935711275013546,5,0.5,5,174.67855637506773,56.777749391383935,3.4935711275013546,0.4509376044181402,1
35.695305283405084,5,0.5,5,178.4765264170254,56.78346339850073,3.5695305283405085,0.40580559716624437,1
10.759348342629481,5,0.5,5,53.796741713147405,56.78923378646996,1.0759348342629482,0.6381314256509519,1
64.31159996841644,5,0.5,5,321.5579998420822,56.79505683224353,6.431159996841645,0.1,1
138.40041265138268,5,0.5,5,692.0020632569134,56.80092848237431,13.840041265138268,0.6679034162202885,1
101.73593800402203,5,0.5,5,508.6796900201102,56.806844353016096,10.173593800402204,0.5626452041443925,1
342.3036892447059,5,0.5,5,1711.5184462235293,56.81279972992364,34.23036892447059,0.2579147423087651,1
22.44487970707061,5,0.5,5,112.22439853535305,56.81878956845262,2.244487970707061,0.1,1
30.732230486799452,5,0.5,5,153.66115243399724,56.82480849355967,3.073223048679945,0.1,1
37.42807104049712,5,0.5,5,187.1403552024856,56.830850799802356,3.7428071040497124,0.1,1
28.572035053491728,5,0.5,5,142.86017526745863,56.83691045133918,2.857203505349173,0.6332570976380109,1
45.42667962299676,5,0.5,5,227.13339811498378,56.842981081929594,4.542667962299676,0.3836486779700398,1
27.72359811594641,5,0.5,5,138.61799057973204,56.84905599493399,2.772359811594641,0.1,1
84.28383515157294,5,0.5,5,421.4191757578647,56.85512816331371,8.428383515157295,0.1,1
35.35231254474153,5,0.5,5,176.76156272370764,56.86119022963101,3.535231254474153,0.1,1
111.54870858222132,5,0.5,5,557.7435429111066,56.86723450604913,11.154870858222132,0.1,1
116.59978042067674,5,0.5,5,582.9989021033837,56.8732529743322,11.659978042067674,0.1,1
24.364920289840594,5,0.5,5,121.82460144920297,56.87923728584535,2.4364920289840595,0.1,1
60.574743316194635,5,0.5,5,302.87371658097317,56.88517876155459,6.0574743316194635,0.1,1
27.9760695842605,5,0.5,5,139.8803479213025,56.89106839202692,2.79760695842605,0.5524995025511249,1
25.15231164896139,5,0.5,5,125.76155824480695,56.89689683743024,2.515231164896139,0.1774204423277854,1
102.7670227040701,5,0.5,5,513.8351135203505,56.90265442753344,10.27670227040701,0.4586761193752161,1
72.13821070796635,5,0.5,5,360.6910535398317,56.908331161706315,7.2138210707966355,0.1,1
38.76390390756703,5,0.5,5,193.81951953783513,56.9139167089196,3.8763903907567028,0.1,1
199.67311574869296,5,0.5,5,998.3655787434648,56.919400407745,19.967311574869296,0.34509851763035154,1
18.41648422246508,5,0.5,5,92.08242111232539,56.92477126635514,1.841648422246508,0.48441281945900666,1
102.05876440143629,5,0.5,5,510.29382200718146,56.93001796252357,10.20587644014363,0.5842853614504843,1
39.10933720010475,5,0.5,5,195.54668600052372,56.93512884362483,3.910933720010475,0.2608253548091666,1
